Entry	Entry Name
A0A0D3CVH6	A0A0D3CVH6_BRAOL
A1XLE2	TFP_LEPSV
A8MRX0	GSOX5_ARATH
B3H7I1	SOP12_ARATH
D7KXF0	D7KXF0_ARALL
F4JPW1	BASS5_ARATH
G1FNI6	TFP_THLAR
O04316	JAL29_ARATH
O04318	JAL27_ARATH
O23160	MYB73_ARATH
O48676	U74B1_ARATH
O49326	JAL21_ARATH
O49782	MYB51_ARATH
O64399	MYB34_ARATH
O64722	ZHD3_ARATH
O64883	BGL26_ARATH
O65782	C83B1_ARATH
O81001	GRF1_ARATH
P37702	BGL38_ARATH
P42775	GBF2_ARATH
P46309	GSH1_ARATH
P48421	C83A1_ARATH
Q0WP12	HOL1_ARATH
Q38914	ANT_ARATH
Q39204	MYC2_ARATH
Q501D8	C79B3_ARATH
Q7G191	ALDO4_ARATH
Q8GRX1	BGL34_ARATH
Q8RW96	2A5G_ARATH
Q8RY71	ESP_ARATH
Q8VZG8	MIK2_ARATH
Q93XW5	NSP5_ARATH
Q949U1	C79F1_ARATH
Q94AR8	LEUC_ARATH
Q94K43	GSOX2_ARATH
Q9C5C2	BGL37_ARATH
Q9C9C9	SOT18_ARATH
Q9C9D0	SOT16_ARATH
Q9C9H1	GIS3_ARATH
Q9FE67	ERF80_ARATH
Q9FG67	MAM1_ARATH
Q9FH37	ILR3_ARATH
Q9FMT1	LEU31_ARATH
Q9FN52	MAM3_ARATH
Q9FUS6	GSTUD_ARATH
Q9FUY7	C79F2_ARATH
Q9FV70	E2FC_ARATH
Q9FZ80	SOT17_ARATH
Q9LE06	BCAT4_ARATH
Q9LHF0	ZHD9_ARATH
Q9LJG3	ESM1_ARATH
Q9LN86	DRE1F_ARATH
Q9LPM9	BCAT6_ARATH
Q9LVD6	C81F2_ARATH
Q9LXG0	ZHD8_ARATH
Q9LY00	WRK70_ARATH
Q9LYT7	LEUD2_ARATH
Q9LYU3	EF113_ARATH
Q9M0A7	GGP1_ARATH
Q9S7Z3	PCS1_ARATH
Q9SDM9	JAL28_ARATH
Q9SIV0	SUR1_ARATH
Q9SKK4	GSL_ARATH
Q9SR37	BGL23_ARATH
Q9SS04	GSOX1_ARATH
Q9SXE1	GSOX3_ARATH
Q9XIE2	AB36G_ARATH
Q9ZW84	LEUD1_ARATH
Q9ZW85	LEUD3_ARATH
V4JPF6	V4JPF6_EUTSA
C0SUW7	ARID6_ARATH
F4JB53	F4JB53_ARATH
O04336	WRK21_ARATH
O65790	C81F1_ARATH
P46010	NRL3_ARATH
Q39263	ZFP4_ARATH
Q39266	ZFP7_ARATH
Q67XJ2	NFYBA_ARATH
Q8H115	NA102_ARATH
Q93Y23	GSOX4_ARATH
Q9C6K3	DF1_ARATH
Q9FJ93	DRE1D_ARATH
Q9LPU5	IGMT1_ARATH
Q9M0A5	GGP3_ARATH
Q9MAT6	HMG15_ARATH
Q9SZU1	C81F4_ARATH
A0A061DWT7	A0A061DWT7_THECC
A0A078F4B4	A0A078F4B4_BRANA
A0A078FJ58	A0A078FJ58_BRANA
A0A078G2D3	A0A078G2D3_BRANA
A0A078G3W7	A0A078G3W7_BRANA
A0A078GDG7	A0A078GDG7_BRANA
A0A078GEB0	A0A078GEB0_BRANA
A0A078GEM1	A0A078GEM1_BRANA
A0A078H0X7	A0A078H0X7_BRANA
A0A078HMG3	A0A078HMG3_BRANA
A0A078HNC1	A0A078HNC1_BRANA
A0A078HNP3	A0A078HNP3_BRANA
A0A078HSV6	A0A078HSV6_BRANA
A0A078HW57	A0A078HW57_BRANA
A0A078HXS3	A0A078HXS3_BRANA
A0A078I3Q4	A0A078I3Q4_BRANA
A0A078I478	A0A078I478_BRANA
A0A078I9Q6	A0A078I9Q6_BRANA
A0A078IC31	A0A078IC31_BRANA
A0A078IEU0	A0A078IEU0_BRANA
A0A078IKF2	A0A078IKF2_BRANA
A0A078IU37	A0A078IU37_BRANA
A0A078J5J3	A0A078J5J3_BRANA
A0A078J6L2	A0A078J6L2_BRANA
A0A087G700	A0A087G700_ARAAL
A0A087GSD1	A0A087GSD1_ARAAL
A0A087GYE5	A0A087GYE5_ARAAL
A0A087H1E6	A0A087H1E6_ARAAL
A0A087HS98	A0A087HS98_ARAAL
A0A0D3AIZ0	A0A0D3AIZ0_BRAOL
A0A0D3B7K8	A0A0D3B7K8_BRAOL
A0A0D3B8E3	A0A0D3B8E3_BRAOL
A0A0D3CPN8	A0A0D3CPN8_BRAOL
A0A0D3GQN3	A0A0D3GQN3_9ORYZ
A0A0J8BCR7	A0A0J8BCR7_BETVV
A0A199VZ16	A0A199VZ16_ANACO
A0A2R6X1B2	A0A2R6X1B2_MARPO
A0A388KVV9	A0A388KVV9_CHABU
A0A3N7GYU0	A0A3N7GYU0_POPTR
A0A5P1EAA7	A0A5P1EAA7_ASPOF
A0A7I8IK33	A0A7I8IK33_SPIIN
D7KFV8	D7KFV8_ARALL
D7KHM3	D7KHM3_ARALL
D7LE48	D7LE48_ARALL
D7LVF5	D7LVF5_ARALL
D7LX56	D7LX56_ARALL
D7M613	D7M613_ARALL
D7MDW8	D7MDW8_ARALL
D7MLK4	D7MLK4_ARALL
M4DCS0	M4DCS0_BRACM
M4DDE3	M4DDE3_BRACM
Q0WTF4	C81F3_ARATH
Q38Q39	ERF27_ARATH
Q8RYD3	Y3158_ARATH
Q945B4	AOP3L_ARATH
Q945B5	AOP2V_ARATH
Q9FJ90	ERF25_ARATH
Q9FKG2	EF107_ARATH
Q9FWW3	GSXL6_ARATH
Q9FWW6	GSXL1_ARATH
Q9LPU7	IGMT2_ARATH
Q9SRD4	IGMT5_ARATH
Q9SS01	AAE20_ARATH
Q9SYA9	STKLD_ARATH
Q9ZTA1	AOP3C_ARATH
V4KKL4	V4KKL4_EUTSA
V4KQI0	V4KQI0_EUTSA
V4L4X8	V4L4X8_EUTSA
V4LCE8	V4LCE8_EUTSA
V4LFT0	V4LFT0_EUTSA
V4LL10	V4LL10_EUTSA
V4M1W3	V4M1W3_EUTSA
V4MKG7	V4MKG7_EUTSA
V4MPS5	V4MPS5_EUTSA
V4SKX8	V4SKX8_CITCL
A0A058ZZ38	A0A058ZZ38_EUCGR
A0A059A0A9	A0A059A0A9_EUCGR
A0A059AE66	A0A059AE66_EUCGR
A0A059B236	A0A059B236_EUCGR
A0A059BJB9	A0A059BJB9_EUCGR
A0A059BVZ9	A0A059BVZ9_EUCGR
A0A061F7E8	A0A061F7E8_THECC
A0A067DTC1	A0A067DTC1_CITSI
A0A067E4B1	A0A067E4B1_CITSI
A0A067GUU4	A0A067GUU4_CITSI
A0A067GXS4	A0A067GXS4_CITSI
A0A068UBG2	A0A068UBG2_COFCA
A0A072UU47	A0A072UU47_MEDTR
A0A078FP62	A0A078FP62_BRANA
A0A078FPT9	A0A078FPT9_BRANA
A0A078FYF4	A0A078FYF4_BRANA
A0A078G6Z2	A0A078G6Z2_BRANA
A0A078GFN2	A0A078GFN2_BRANA
A0A078GXK3	A0A078GXK3_BRANA
A0A078GZA4	A0A078GZA4_BRANA
A0A078HHE0	A0A078HHE0_BRANA
A0A078HZ90	A0A078HZ90_BRANA
A0A078I356	A0A078I356_BRANA
A0A078IA98	A0A078IA98_BRANA
A0A078IC86	A0A078IC86_BRANA
A0A078ICT4	A0A078ICT4_BRANA
A0A078IJD6	A0A078IJD6_BRANA
A0A078IMI1	A0A078IMI1_BRANA
A0A078IRG0	A0A078IRG0_BRANA
A0A078IU76	A0A078IU76_BRANA
A0A078IUN1	A0A078IUN1_BRANA
A0A078J249	A0A078J249_BRANA
A0A078J321	A0A078J321_BRANA
A0A078J9W7	A0A078J9W7_BRANA
A0A078JA93	A0A078JA93_BRANA
A0A078JRY4	A0A078JRY4_BRANA
A0A087G6R6	A0A087G6R6_ARAAL
A0A087GAA4	A0A087GAA4_ARAAL
A0A087GAA6	A0A087GAA6_ARAAL
A0A087GB29	A0A087GB29_ARAAL
A0A087GE42	A0A087GE42_ARAAL
A0A087GH04	A0A087GH04_ARAAL
A0A087GKF8	A0A087GKF8_ARAAL
A0A087GKI3	A0A087GKI3_ARAAL
A0A087HAZ7	A0A087HAZ7_ARAAL
A0A087HE84	A0A087HE84_ARAAL
A0A087HGJ8	A0A087HGJ8_ARAAL
A0A087HIA3	A0A087HIA3_ARAAL
A0A087HKZ6	A0A087HKZ6_ARAAL
A0A087HMX5	A0A087HMX5_ARAAL
A0A087HMX9	A0A087HMX9_ARAAL
A0A087HN25	A0A087HN25_ARAAL
A0A087HN26	A0A087HN26_ARAAL
A0A0A0K9V3	A0A0A0K9V3_CUCSA
A0A0D3B3G5	A0A0D3B3G5_BRAOL
A0A0D3BM61	A0A0D3BM61_BRAOL
A0A0D3BMN3	A0A0D3BMN3_BRAOL
A0A0D3BMN4	A0A0D3BMN4_BRAOL
A0A0D3BPH6	A0A0D3BPH6_BRAOL
A0A0D3C7K2	A0A0D3C7K2_BRAOL
A0A0D3CB99	A0A0D3CB99_BRAOL
A0A0D3CCV6	A0A0D3CCV6_BRAOL
A0A0D3CJM1	A0A0D3CJM1_BRAOL
A0A0D3DKE8	A0A0D3DKE8_BRAOL
A0A0D3DSR1	A0A0D3DSR1_BRAOL
A0A0D3DZR3	A0A0D3DZR3_BRAOL
A0A0D3EA85	A0A0D3EA85_BRAOL
A0A0D3F030	A0A0D3F030_9ORYZ
A0A0D9VBM1	A0A0D9VBM1_9ORYZ
A0A0D9VFW3	A0A0D9VFW3_9ORYZ
A0A0E0CES5	A0A0E0CES5_9ORYZ
A0A0E0G0F5	A0A0E0G0F5_ORYNI
A0A0E0JUY4	A0A0E0JUY4_ORYPU
A0A0J8CMU6	A0A0J8CMU6_BETVV
A0A0R0EPY9	A0A0R0EPY9_SOYBN
A0A0R0G789	A0A0R0G789_SOYBN
A0A0R0GFB2	A0A0R0GFB2_SOYBN
A0A0R0IM88	A0A0R0IM88_SOYBN
A0A0R0IME8	A0A0R0IME8_SOYBN
A0A0R0J787	A0A0R0J787_SOYBN
A0A103XBJ3	A0A103XBJ3_CYNCS
A0A103XSI6	A0A103XSI6_CYNCS
A0A161WTM8	A0A161WTM8_DAUCS
A0A178V8W8	A0A178V8W8_ARATH
A0A178VCE1	A0A178VCE1_ARATH
A0A178VP47	A0A178VP47_ARATH
A0A178WKF9	A0A178WKF9_ARATH
A0A197JCL0	A0A197JCL0_9FUNG
A0A197JH87	A0A197JH87_9FUNG
A0A1J6J6A4	A0A1J6J6A4_NICAT
A0A1P8ARA7	A0A1P8ARA7_ARATH
A0A1R3IDC1	A0A1R3IDC1_COCAP
A0A1U8NHA5	A0A1U8NHA5_GOSHI
A0A1X7RCA6	A0A1X7RCA6_ZYMTR
A0A251P8U9	A0A251P8U9_PRUPE
A0A251P904	A0A251P904_PRUPE
A0A251RK16	A0A251RK16_PRUPE
A0A251S7W9	A0A251S7W9_HELAN
A0A2C9V699	A0A2C9V699_MANES
A0A2C9V6I3	A0A2C9V6I3_MANES
A0A2C9V8H1	A0A2C9V8H1_MANES
A0A2C9VIG6	A0A2C9VIG6_MANES
A0A2C9VIS2	A0A2C9VIS2_MANES
A0A2G3AB56	A0A2G3AB56_CAPAN
A0A2J6K1E5	A0A2J6K1E5_LACSA
A0A2J6LV52	A0A2J6LV52_LACSA
A0A2K2C245	A0A2K2C245_POPTR
A0A2K2C246	A0A2K2C246_POPTR
A0A2N0RRL5	A0A2N0RRL5_9GLOM
A0A2N1NIK3	A0A2N1NIK3_9GLOM
A0A2R6WKE8	A0A2R6WKE8_MARPO
A0A2T7F177	A0A2T7F177_9POAL
A0A2T7F5S0	A0A2T7F5S0_9POAL
A0A368UJ31	A0A368UJ31_SOYBN
A0A3M6WIR8	A0A3M6WIR8_HORWE
A0A3P6BZQ0	A0A3P6BZQ0_BRAOL
A0A433DKR2	A0A433DKR2_9FUNG
A0A438IDC2	A0A438IDC2_VITVI
A0A4U6W8P2	A0A4U6W8P2_SETVI
A0A4U6W8X0	A0A4U6W8X0_SETVI
A0A5K0YIV1	A0A5K0YIV1_9MAGN
A0A5K0YKK7	A0A5K0YKK7_9MAGN
A0A5K1B5R1	A0A5K1B5R1_9MAGN
A0A5P1FHR7	A0A5P1FHR7_ASPOF
A0A5S9X3R0	A0A5S9X3R0_ARATH
A0A5S9XCN6	A0A5S9XCN6_ARATH
A0A5S9XD15	A0A5S9XD15_ARATH
A0A6A5CA29	A0A6A5CA29_NAEFO
A0A6D2LAD4	A0A6D2LAD4_9BRAS
A0A6I9U474	A0A6I9U474_SESIN
A0A6I9USZ7	A0A6I9USZ7_SESIN
A0A6P9E096	A0A6P9E096_JUGRE
A0A6P9E1R6	A0A6P9E1R6_JUGRE
A0A6P9E268	A0A6P9E268_JUGRE
A0A6P9EAQ7	A0A6P9EAQ7_JUGRE
A0A6P9EF24	A0A6P9EF24_JUGRE
A0A6P9F233	A0A6P9F233_JUGRE
A0A7C8IYN4	A0A7C8IYN4_ORBOL
A0A7C8KFP9	A0A7C8KFP9_ORBOL
A0A7C8NPL3	A0A7C8NPL3_ORBOL
A0A7C8VHP4	A0A7C8VHP4_ORBOL
A0A7G2EAV7	A0A7G2EAV7_ARATH
A0A7G2EMF7	A0A7G2EMF7_ARATH
A0A7G2EN84	A0A7G2EN84_ARATH
A0A7G2EQH6	A0A7G2EQH6_ARATH
A0A7S1PV23	A0A7S1PV23_NEODS
A0A8D9GEF5	A0A8D9GEF5_BRACM
A0A8D9M2X1	A0A8D9M2X1_BRACM
A0A8H2HJK1	A0A8H2HJK1_ORBOL
A0A8H7UZD7	A0A8H7UZD7_9FUNG
A0A8S1ZJP5	A0A8S1ZJP5_ARAAE
A0A8S1ZT97	A0A8S1ZT97_ARAAE
A0A8S1ZVV6	A0A8S1ZVV6_ARAAE
A0A8S1ZY10	A0A8S1ZY10_ARAAE
A0A8S1ZYZ2	A0A8S1ZYZ2_ARAAE
A0A8S2A6L9	A0A8S2A6L9_ARAAE
A0A8S9M1T4	A0A8S9M1T4_BRACR
A0A8S9M8C0	A0A8S9M8C0_BRACR
A0A8T2EPY5	A0A8T2EPY5_9BRAS
A0A8T2ESU6	A0A8T2ESU6_9BRAS
A0A8T2F5U8	A0A8T2F5U8_ARASU
A0A8T2G7R5	A0A8T2G7R5_ARASU
A0A8T2GQK3	A0A8T2GQK3_9BRAS
A0A8X7SKG0	A0A8X7SKG0_BRACI
A0A9P3HEZ6	A0A9P3HEZ6_9FUNG
A0A9P6K8U1	A0A9P6K8U1_9FUNG
A0A9P6UAK9	A0A9P6UAK9_9FUNG
A0A9P8A6M5	A0A9P8A6M5_MORAP
B2D2H1	B2D2H1_BRAOL
B8AGY8	B8AGY8_ORYSI
B9RAJ3	B9RAJ3_RICCO
B9REG9	B9REG9_RICCO
B9REH3	B9REH3_RICCO
B9REH5	B9REH5_RICCO
B9S3R8	B9S3R8_RICCO
C5H9P3	C5H9P3_BRARP
C5XT62	C5XT62_SORBI
C5Y176	C5Y176_SORBI
D7KE54	D7KE54_ARALL
D7KE87	D7KE87_ARALL
D7KEF1	D7KEF1_ARALL
D7KN96	D7KN96_ARALL
D7KN97	D7KN97_ARALL
D7KN99	D7KN99_ARALL
D7KNM0	D7KNM0_ARALL
D7KP85	D7KP85_ARALL
D7KPK4	D7KPK4_ARALL
D7KRZ1	D7KRZ1_ARALL
D7KRZ2	D7KRZ2_ARALL
D7KUP2	D7KUP2_ARALL
D7KUP3	D7KUP3_ARALL
D7KWB1	D7KWB1_ARALL
D7L4I1	D7L4I1_ARALL
D7L5P4	D7L5P4_ARALL
D7L5P6	D7L5P6_ARALL
D7L708	D7L708_ARALL
D7L7T3	D7L7T3_ARALL
D7L9X6	D7L9X6_ARALL
D7LA26	D7LA26_ARALL
D7LFP5	D7LFP5_ARALL
D7LLM2	D7LLM2_ARALL
D7LUH2	D7LUH2_ARALL
D7M0D6	D7M0D6_ARALL
D7M4N0	D7M4N0_ARALL
D7M4Y7	D7M4Y7_ARALL
D7M593	D7M593_ARALL
D7MA08	D7MA08_ARALL
D7MB60	D7MB60_ARALL
D7MBU7	D7MBU7_ARALL
D7MBU9	D7MBU9_ARALL
D7MMT4	D7MMT4_ARALL
D7MN18	D7MN18_ARALL
D7MN34	D7MN34_ARALL
D7MRL7	D7MRL7_ARALL
D7MUC3	D7MUC3_ARALL
D7T2V4	D7T2V4_VITVI
E0CT50	E0CT50_VITVI
F2CVP8	F2CVP8_HORVV
F4J1A4	F4J1A4_ARATH
F6HB80	F6HB80_VITVI
F6HB85	F6HB85_VITVI
G1X861	G1X861_ARTOA
G7IZC8	G7IZC8_MEDTR
I1HMN3	I1HMN3_BRADI
I1HWP9	I1HWP9_BRADI
I1I9M8	I1I9M8_BRADI
I1KU18	I1KU18_SOYBN
I1NWT0	I1NWT0_ORYGL
I7AI68	I7AI68_EUTSA
J3L973	J3L973_ORYBR
K3YRQ5	K3YRQ5_SETIT
K3YSC4	K3YSC4_SETIT
K3ZV56	K3ZV56_SETIT
M1BXJ9	M1BXJ9_SOLTU
M2TBA0	M2TBA0_COCSN
M2VBJ1	M2VBJ1_COCH5
M2W921	M2W921_GALSU
M4CAU1	M4CAU1_BRACM
M4CKU7	M4CKU7_BRACM
M4CKV1	M4CKV1_BRACM
M4CKV2	M4CKV2_BRACM
M4CKV4	M4CKV4_BRACM
M4CMW3	M4CMW3_BRACM
M4CTG4	M4CTG4_BRACM
M4CTG7	M4CTG7_BRACM
M4CVI3	M4CVI3_BRACM
M4DCU0	M4DCU0_BRACM
M4DR01	M4DR01_BRACM
M4DR26	M4DR26_BRACM
M4DZ68	M4DZ68_BRACM
M4E532	M4E532_BRACM
M4EBL9	M4EBL9_BRACM
M4ELT5	M4ELT5_BRACM
M4ENL6	M4ENL6_BRACM
M4F5U1	M4F5U1_BRACM
M4F984	M4F984_BRACM
M4F985	M4F985_BRACM
M4FIJ4	M4FIJ4_BRACM
N4XD36	N4XD36_COCH4
O80512	O80512_ARATH
Q9S7W4	Q9S7W4_ARATH
R0G4H0	R0G4H0_9BRAS
R0HYK2	R0HYK2_9BRAS
R0I1Z6	R0I1Z6_9BRAS
R0I6K6	R0I6K6_9BRAS
U5GQX5	U5GQX5_POPTR
U5GR11	U5GR11_POPTR
V4K1I3	V4K1I3_EUTSA
V4KCY6	V4KCY6_EUTSA
V4KD20	V4KD20_EUTSA
V4KD85	V4KD85_EUTSA
V4KKG0	V4KKG0_EUTSA
V4KM91	V4KM91_EUTSA
V4KMG6	V4KMG6_EUTSA
V4KP66	V4KP66_EUTSA
V4KTD4	V4KTD4_EUTSA
V4KWG4	V4KWG4_EUTSA
V4KYH3	V4KYH3_EUTSA
V4KZD2	V4KZD2_EUTSA
V4L002	V4L002_EUTSA
V4L2F8	V4L2F8_EUTSA
V4L3N4	V4L3N4_EUTSA
V4L4L9	V4L4L9_EUTSA
V4L594	V4L594_EUTSA
V4L743	V4L743_EUTSA
V4L776	V4L776_EUTSA
V4LF60	V4LF60_EUTSA
V4LH22	V4LH22_EUTSA
V4LLI9	V4LLI9_EUTSA
V4LLJ7	V4LLJ7_EUTSA
V4LVU4	V4LVU4_EUTSA
V4M619	V4M619_EUTSA
V4MAD9	V4MAD9_EUTSA
V4MD02	V4MD02_EUTSA
V4MDK6	V4MDK6_EUTSA
V4MFW1	V4MFW1_EUTSA
V4MYT2	V4MYT2_EUTSA
V4NA55	V4NA55_EUTSA
V4NG96	V4NG96_EUTSA
V4P3Y3	V4P3Y3_EUTSA
V4P9G6	V4P9G6_EUTSA
V4TQ11	V4TQ11_CITCL
A0A010RWL1	A0A010RWL1_9PEZI
A0A022RSM0	A0A022RSM0_ERYGU
A0A059A8T0	A0A059A8T0_EUCGR
A0A059BTM1	A0A059BTM1_EUCGR
A0A059CXT9	A0A059CXT9_EUCGR
A0A059CZZ0	A0A059CZZ0_EUCGR
A0A059VC57	A0A059VC57_9ROSI
A0A061DN69	A0A061DN69_THECC
A0A061DWI8	A0A061DWI8_THECC
A0A061DWU0	A0A061DWU0_THECC
A0A061EDS8	A0A061EDS8_THECC
A0A061FJ90	A0A061FJ90_THECC
A0A061FYS3	A0A061FYS3_THECC
A0A061FZC9	A0A061FZC9_THECC
A0A061G1H2	A0A061G1H2_THECC
A0A063BTN5	A0A063BTN5_USTVR
A0A066X0B4	A0A066X0B4_COLSU
A0A067DGY1	A0A067DGY1_CITSI
A0A067E775	A0A067E775_CITSI
A0A067EBY9	A0A067EBY9_CITSI
A0A067K4G6	A0A067K4G6_JATCU
A0A067S8A7	A0A067S8A7_GALM3
A0A068TZJ2	A0A068TZJ2_COFCA
A0A068ULR5	A0A068ULR5_COFCA
A0A068VEC4	A0A068VEC4_COFCA
A0A072P800	A0A072P800_9EURO
A0A072THL5	A0A072THL5_MEDTR
A0A072TY90	A0A072TY90_MEDTR
A0A072TZ36	A0A072TZ36_MEDTR
A0A074W2W6	A0A074W2W6_9PEZI
A0A074W3S1	A0A074W3S1_9PEZI
A0A074WB80	A0A074WB80_9PEZI
A0A074WBR2	A0A074WBR2_9PEZI
A0A074WVU4	A0A074WVU4_9PEZI
A0A074XBW7	A0A074XBW7_AURPU
A0A074XSI2	A0A074XSI2_9PEZI
A0A074Y691	A0A074Y691_AURPU
A0A074Y784	A0A074Y784_AURPU
A0A075B589	A0A075B589_ROZAC
A0A077X082	A0A077X082_9FUNG
A0A078F159	A0A078F159_BRANA
A0A078G2B4	A0A078G2B4_BRANA
A0A078G479	A0A078G479_BRANA
A0A078GHH4	A0A078GHH4_BRANA
A0A078GS67	A0A078GS67_BRANA
A0A078GTT2	A0A078GTT2_BRANA
A0A078GYF4	A0A078GYF4_BRANA
A0A078GYV5	A0A078GYV5_BRANA
A0A078IHY0	A0A078IHY0_BRANA
A0A078II13	A0A078II13_BRANA
A0A078IMP4	A0A078IMP4_BRANA
A0A078IQQ0	A0A078IQQ0_BRANA
A0A078ISN5	A0A078ISN5_BRANA
A0A078J279	A0A078J279_BRANA
A0A078JDP7	A0A078JDP7_BRANA
A0A078JDZ4	A0A078JDZ4_BRANA
A0A084AHZ7	A0A084AHZ7_STACB
A0A084B387	A0A084B387_STACB
A0A084QSR1	A0A084QSR1_STAC4
A0A084QZ15	A0A084QZ15_STAC4
A0A086T968	A0A086T968_HAPC1
A0A087FWI2	A0A087FWI2_ARAAL
A0A087FYE6	A0A087FYE6_ARAAL
A0A087G0B9	A0A087G0B9_ARAAL
A0A087G428	A0A087G428_ARAAL
A0A087GKE9	A0A087GKE9_ARAAL
A0A087GP55	A0A087GP55_ARAAL
A0A087GRR9	A0A087GRR9_ARAAL
A0A087GV62	A0A087GV62_ARAAL
A0A087GZ28	A0A087GZ28_ARAAL
A0A087H0L4	A0A087H0L4_ARAAL
A0A087H276	A0A087H276_ARAAL
A0A087H4U9	A0A087H4U9_ARAAL
A0A087H511	A0A087H511_ARAAL
A0A087H573	A0A087H573_ARAAL
A0A087H7X9	A0A087H7X9_ARAAL
A0A087HCP5	A0A087HCP5_ARAAL
A0A087HIZ9	A0A087HIZ9_ARAAL
A0A087HPG0	A0A087HPG0_ARAAL
A0A0A0KDY9	A0A0A0KDY9_CUCSA
A0A0A0L413	A0A0A0L413_CUCSA
A0A0A0LBR9	A0A0A0LBR9_CUCSA
A0A0A1UWC0	A0A0A1UWC0_9HYPO
A0A0A7K8H2	A0A0A7K8H2_9FLAO
A0A0A9PMK3	A0A0A9PMK3_ARUDO
A0A0B0MXA3	A0A0B0MXA3_GOSAR
A0A0B2WUI7	A0A0B2WUI7_METAS
A0A0B2WVI8	A0A0B2WVI8_METAS
A0A0B2X8U8	A0A0B2X8U8_METRA
A0A0B4GTP4	A0A0B4GTP4_METAF
A0A0B4H744	A0A0B4H744_METGA
A0A0B4IHG7	A0A0B4IHG7_METMF
A0A0B7JZT3	A0A0B7JZT3_BIOOC
A0A0C2IC47	A0A0C2IC47_9PEZI
A0A0C2IIS8	A0A0C2IIS8_THEKT
A0A0C2JAI1	A0A0C2JAI1_THEKT
A0A0C2JAK2	A0A0C2JAK2_THEKT
A0A0C2JD24	A0A0C2JD24_THEKT
A0A0C2M7L5	A0A0C2M7L5_THEKT
A0A0C2MA22	A0A0C2MA22_THEKT
A0A0C2MKG3	A0A0C2MKG3_THEKT
A0A0C2MKT8	A0A0C2MKT8_THEKT
A0A0C2MV02	A0A0C2MV02_THEKT
A0A0C2MV12	A0A0C2MV12_THEKT
A0A0C2MX04	A0A0C2MX04_THEKT
A0A0C2N2N9	A0A0C2N2N9_THEKT
A0A0C2N8A2	A0A0C2N8A2_THEKT
A0A0C2NB63	A0A0C2NB63_THEKT
A0A0C2NE88	A0A0C2NE88_THEKT
A0A0C2NIB4	A0A0C2NIB4_THEKT
A0A0C2NLE5	A0A0C2NLE5_THEKT
A0A0C3HVV9	A0A0C3HVV9_OIDMZ
A0A0C9LZ25	A0A0C9LZ25_BLOB1
A0A0C9V851	A0A0C9V851_SPHS4
A0A0D0AQQ0	A0A0D0AQQ0_9AGAR
A0A0D1YRN0	A0A0D1YRN0_9EURO
A0A0D1YWY9	A0A0D1YWY9_9EURO
A0A0D2ANB3	A0A0D2ANB3_9PEZI
A0A0D2DG01	A0A0D2DG01_9EURO
A0A0D2DG43	A0A0D2DG43_9EURO
A0A0D2G6F4	A0A0D2G6F4_9EURO
A0A0D2IFT6	A0A0D2IFT6_9EURO
A0A0D2QSY4	A0A0D2QSY4_GOSRA
A0A0D2QYY8	A0A0D2QYY8_GOSRA
A0A0D2S0X2	A0A0D2S0X2_GOSRA
A0A0D2S0Z5	A0A0D2S0Z5_GOSRA
A0A0D3AD06	A0A0D3AD06_BRAOL
A0A0D3AD54	A0A0D3AD54_BRAOL
A0A0D3AU36	A0A0D3AU36_BRAOL
A0A0D3AVI7	A0A0D3AVI7_BRAOL
A0A0D3AWT3	A0A0D3AWT3_BRAOL
A0A0D3AZ05	A0A0D3AZ05_BRAOL
A0A0D3BMN6	A0A0D3BMN6_BRAOL
A0A0D3C3N7	A0A0D3C3N7_BRAOL
A0A0D3CJL0	A0A0D3CJL0_BRAOL
A0A0D3CJL3	A0A0D3CJL3_BRAOL
A0A0D3CJL9	A0A0D3CJL9_BRAOL
A0A0D3CLY9	A0A0D3CLY9_BRAOL
A0A0D3CQ57	A0A0D3CQ57_BRAOL
A0A0D3CQU9	A0A0D3CQU9_BRAOL
A0A0D3CQV0	A0A0D3CQV0_BRAOL
A0A0D3CSA2	A0A0D3CSA2_BRAOL
A0A0D3D7J6	A0A0D3D7J6_BRAOL
A0A0D3D8Y4	A0A0D3D8Y4_BRAOL
A0A0D3D8Y7	A0A0D3D8Y7_BRAOL
A0A0D3DBQ7	A0A0D3DBQ7_BRAOL
A0A0D3H439	A0A0D3H439_9ORYZ
A0A0D6QZF2	A0A0D6QZF2_ARACU
A0A0D9XBK8	A0A0D9XBK8_9ORYZ
A0A0D9YLL3	A0A0D9YLL3_9ORYZ
A0A0E0B030	A0A0E0B030_9ORYZ
A0A0E0EPW0	A0A0E0EPW0_9ORYZ
A0A0E0IGS4	A0A0E0IGS4_ORYNI
A0A0E0LYW3	A0A0E0LYW3_ORYPU
A0A0E0N950	A0A0E0N950_ORYRU
A0A0E0QNI0	A0A0E0QNI0_ORYRU
A0A0F2M985	A0A0F2M985_SPOSC
A0A0F4ZB81	A0A0F4ZB81_9PEZI
A0A0F8CZ00	A0A0F8CZ00_CERFI
A0A0G2ERA8	A0A0G2ERA8_9PEZI
A0A0G2FJP4	A0A0G2FJP4_9PEZI
A0A0G4EHI8	A0A0G4EHI8_VITBC
A0A0G4EJ72	A0A0G4EJ72_VITBC
A0A0G4HX94	A0A0G4HX94_9ALVE
A0A0G4IBM0	A0A0G4IBM0_9ALVE
A0A0G4M3Q3	A0A0G4M3Q3_9PEZI
A0A0G4MJG0	A0A0G4MJG0_9PEZI
A0A0G4N3N8	A0A0G4N3N8_9PEZI
A0A0J8BM28	A0A0J8BM28_BETVV
A0A0K9NIL4	A0A0K9NIL4_ZOSMR
A0A0L0HKJ0	A0A0L0HKJ0_SPIPD
A0A0L1JI47	A0A0L1JI47_ASPNO
A0A0L9VCQ4	A0A0L9VCQ4_PHAAN
A0A0M9F0S0	A0A0M9F0S0_FUSLA
A0A0N0RXT4	A0A0N0RXT4_9EURO
A0A0P7B581	A0A0P7B581_9HYPO
A0A0Q6WCV6	A0A0Q6WCV6_9BURK
A0A0S3SKD5	A0A0S3SKD5_PHAAN
A0A0V0HR47	A0A0V0HR47_SOLCH
A0A0V0QIR5	A0A0V0QIR5_PSEPJ
A0A0V0QPS5	A0A0V0QPS5_PSEPJ
A0A0V1I5G1	A0A0V1I5G1_9BILA
A0A0V1I5I5	A0A0V1I5I5_9BILA
A0A0V1MYT8	A0A0V1MYT8_9BILA
A0A101ME36	A0A101ME36_PENFR
A0A103Y3X6	A0A103Y3X6_CYNCS
A0A124BYR1	A0A124BYR1_ASPNG
A0A124S9K1	A0A124S9K1_CYNCS
A0A135TN77	A0A135TN77_9PEZI
A0A135TUE1	A0A135TUE1_9PEZI
A0A135UR38	A0A135UR38_9PEZI
A0A136J1X1	A0A136J1X1_9PEZI
A0A139A913	A0A139A913_GONPJ
A0A139GZH9	A0A139GZH9_9PEZI
A0A139I6M4	A0A139I6M4_9PEZI
A0A146F604	A0A146F604_ASPKA
A0A150V7B4	A0A150V7B4_9PEZI
A0A151GTU1	A0A151GTU1_9HYPO
A0A151R3V5	A0A151R3V5_CAJCA
A0A161WGM8	A0A161WGM8_9PEZI
A0A162IB16	A0A162IB16_CORFA
A0A162JG89	A0A162JG89_9HYPO
A0A163KGI2	A0A163KGI2_DIDRA
A0A165R3K6	A0A165R3K6_EXIGL
A0A166V9B5	A0A166V9B5_9HYPO
A0A167DDS3	A0A167DDS3_METRR
A0A168EUY2	A0A168EUY2_9HYPO
A0A175W6Y7	A0A175W6Y7_9PEZI
A0A175YE11	A0A175YE11_DAUCS
A0A176W8R0	A0A176W8R0_MARPO
A0A177CN71	A0A177CN71_9PLEO
A0A177DVD5	A0A177DVD5_ALTAL
A0A177E4X8	A0A177E4X8_ALTAL
A0A177F5Y8	A0A177F5Y8_9EURO
A0A178ASI3	A0A178ASI3_9PLEO
A0A178C269	A0A178C269_9EURO
A0A178DK82	A0A178DK82_9PLEO
A0A178UDK3	A0A178UDK3_ARATH
A0A179F9I6	A0A179F9I6_METCM
A0A179GXR3	A0A179GXR3_PURLI
A0A179H0I2	A0A179H0I2_PURLI
A0A179HJ97	A0A179HJ97_PURLI
A0A179HP80	A0A179HP80_PURLI
A0A194VAJ8	A0A194VAJ8_9PEZI
A0A194W7S7	A0A194W7S7_9PEZI
A0A194X6U1	A0A194X6U1_MOLSC
A0A194XDP3	A0A194XDP3_MOLSC
A0A197K9T5	A0A197K9T5_9FUNG
A0A197KF92	A0A197KF92_9FUNG
A0A199URZ2	A0A199URZ2_ANACO
A0A199V367	A0A199V367_ANACO
A0A1A5ZYA1	A0A1A5ZYA1_9TREE
A0A1A7MIT0	A0A1A7MIT0_AURPU
A0A1B6Q9X2	A0A1B6Q9X2_SORBI
A0A1B7ZBR5	A0A1B7ZBR5_9FLAO
A0A1B8B922	A0A1B8B922_FUSPO
A0A1B9FX42	A0A1B9FX42_9TREE
A0A1B9GKR2	A0A1B9GKR2_9TREE
A0A1B9IZY3	A0A1B9IZY3_9TREE
A0A1D1YSA4	A0A1D1YSA4_9ARAE
A0A1D6HW85	A0A1D6HW85_MAIZE
A0A1D9Q9L6	A0A1D9Q9L6_SCLS1
A0A1E1JQB0	A0A1E1JQB0_9HELO
A0A1E1LHU0	A0A1E1LHU0_9HELO
A0A1E1LWZ6	A0A1E1LWZ6_RHYSE
A0A1F2WIQ8	A0A1F2WIQ8_9ACTN
A0A1G4AQ16	A0A1G4AQ16_9PEZI
A0A1J3CDK7	A0A1J3CDK7_NOCCA
A0A1J3D9R5	A0A1J3D9R5_NOCCA
A0A1J3DF71	A0A1J3DF71_NOCCA
A0A1J3DRR9	A0A1J3DRR9_NOCCA
A0A1J3DXR5	A0A1J3DXR5_NOCCA
A0A1J3EH89	A0A1J3EH89_NOCCA
A0A1J3F514	A0A1J3F514_NOCCA
A0A1J3FVU8	A0A1J3FVU8_NOCCA
A0A1J3G3I8	A0A1J3G3I8_NOCCA
A0A1J3GZB5	A0A1J3GZB5_NOCCA
A0A1J3H4Z2	A0A1J3H4Z2_NOCCA
A0A1J3I4M6	A0A1J3I4M6_NOCCA
A0A1J3IGJ4	A0A1J3IGJ4_NOCCA
A0A1J3IN71	A0A1J3IN71_NOCCA
A0A1J3JEH7	A0A1J3JEH7_NOCCA
A0A1J3JGM7	A0A1J3JGM7_NOCCA
A0A1J4JA17	A0A1J4JA17_9EUKA
A0A1J4JTW2	A0A1J4JTW2_9EUKA
A0A1J6JAE8	A0A1J6JAE8_NICAT
A0A1J6JS93	A0A1J6JS93_NICAT
A0A1J6JSQ7	A0A1J6JSQ7_NICAT
A0A1J7IW83	A0A1J7IW83_9PEZI
A0A1L7X6H5	A0A1L7X6H5_9HELO
A0A1L9NL77	A0A1L9NL77_ASPTC
A0A1L9RQV7	A0A1L9RQV7_ASPWE
A0A1M3TA31	A0A1M3TA31_ASPLC
A0A1M6KC78	A0A1M6KC78_9FLAO
A0A1Q3BKD0	A0A1Q3BKD0_CEPFO
A0A1Q8RNI9	A0A1Q8RNI9_9PEZI
A0A1R2AX51	A0A1R2AX51_9CILI
A0A1R2B4W5	A0A1R2B4W5_9CILI
A0A1R2BI15	A0A1R2BI15_9CILI
A0A1R2CDQ8	A0A1R2CDQ8_9CILI
A0A1R3GAX7	A0A1R3GAX7_COCAP
A0A1R3GJ19	A0A1R3GJ19_COCAP
A0A1R3HB81	A0A1R3HB81_COCAP
A0A1R3IWY7	A0A1R3IWY7_COCAP
A0A1R3KRA1	A0A1R3KRA1_9ROSI
A0A1S1NXA9	A0A1S1NXA9_9GAMM
A0A1S2XG16	A0A1S2XG16_CICAR
A0A1S3AW32	A0A1S3AW32_CUCME
A0A1S3C2N5	A0A1S3C2N5_CUCME
A0A1S3CLA8	A0A1S3CLA8_CUCME
A0A1S3HE19	A0A1S3HE19_LINUN
A0A1S3I4D1	A0A1S3I4D1_LINUN
A0A1S3U205	A0A1S3U205_VIGRR
A0A1S4A2J3	A0A1S4A2J3_TOBAC
A0A1S4BV89	A0A1S4BV89_TOBAC
A0A1S8B4W2	A0A1S8B4W2_9PEZI
A0A1S9DEB0	A0A1S9DEB0_ASPOZ
A0A1U7Y167	A0A1U7Y167_NICSY
A0A1U7ZW89	A0A1U7ZW89_NELNU
A0A1U8EB74	A0A1U8EB74_CAPAN
A0A1U8IV61	A0A1U8IV61_GOSHI
A0A1U8JJW4	A0A1U8JJW4_GOSHI
A0A1U8JPD8	A0A1U8JPD8_GOSHI
A0A1U8LP78	A0A1U8LP78_GOSHI
A0A1U8LQ37	A0A1U8LQ37_GOSHI
A0A1U8LUC9	A0A1U8LUC9_GOSHI
A0A1V0S9F6	A0A1V0S9F6_9VIRU
A0A1V1FSM1	A0A1V1FSM1_9SOLA
A0A1V1FYE6	A0A1V1FYE6_9SOLA
A0A1V6LUH0	A0A1V6LUH0_9FLAO
A0A1V6QCD8	A0A1V6QCD8_9EURO
A0A1V8S9B5	A0A1V8S9B5_9PEZI
A0A1W2TMJ4	A0A1W2TMJ4_ROSNE
A0A1X1BPR8	A0A1X1BPR8_9APIC
A0A1X2HMU4	A0A1X2HMU4_SYNRA
A0A1X2IK01	A0A1X2IK01_9FUNG
A0A1X7TE73	A0A1X7TE73_AMPQE
A0A1X7TEH3	A0A1X7TEH3_AMPQE
A0A1X7TRH4	A0A1X7TRH4_AMPQE
A0A1X7TT63	A0A1X7TT63_AMPQE
A0A1X7U215	A0A1X7U215_AMPQE
A0A1Y1IJE4	A0A1Y1IJE4_KLENI
A0A1Y1UGU6	A0A1Y1UGU6_9TREE
A0A1Y2A618	A0A1Y2A618_9PLEO
A0A1Y2BZX0	A0A1Y2BZX0_9FUNG
A0A1Y2CIK2	A0A1Y2CIK2_9FUNG
A0A1Y2LYB7	A0A1Y2LYB7_EPING
A0A1Y2WLP0	A0A1Y2WLP0_9PEZI
A0A1Y6L5P3	A0A1Y6L5P3_ZYMTR
A0A1Z1CJ77	A0A1Z1CJ77_CLAUC
A0A1Z5JKV4	A0A1Z5JKV4_FISSO
A0A1Z5KF11	A0A1Z5KF11_FISSO
A0A1Z5SNC0	A0A1Z5SNC0_HORWE
A0A1Z5SW49	A0A1Z5SW49_HORWE
A0A200RBN8	A0A200RBN8_9MAGN
A0A210PKR7	A0A210PKR7_MIZYE
A0A218Z5R9	A0A218Z5R9_9HELO
A0A250XMT1	A0A250XMT1_9CHLO
A0A251QER0	A0A251QER0_PRUPE
A0A251RGV4	A0A251RGV4_PRUPE
A0A251RSK6	A0A251RSK6_HELAN
A0A251TAL1	A0A251TAL1_HELAN
A0A251V6Z3	A0A251V6Z3_HELAN
A0A254TKU2	A0A254TKU2_ASPNG
A0A256Z9I6	A0A256Z9I6_9ARCH
A0A261Y865	A0A261Y865_9FUNG
A0A285MWA7	A0A285MWA7_9FLAO
A0A2C5WXD7	A0A2C5WXD7_9PEZI
A0A2C5Y452	A0A2C5Y452_9HYPO
A0A2C6A452	A0A2C6A452_9HYPO
A0A2C9UJ88	A0A2C9UJ88_MANES
A0A2C9UQF9	A0A2C9UQF9_MANES
A0A2C9VTM9	A0A2C9VTM9_MANES
A0A2D3VJ15	A0A2D3VJ15_9PEZI
A0A2D5K8M2	A0A2D5K8M2_9FLAO
A0A2E0XNE8	A0A2E0XNE8_UNCPO
A0A2E7MF21	A0A2E7MF21_UNCDE
A0A2E7RV65	A0A2E7RV65_9PLAN
A0A2G2E8F7	A0A2G2E8F7_9FLAO
A0A2G2ZQF7	A0A2G2ZQF7_CAPAN
A0A2G5ERF7	A0A2G5ERF7_AQUCA
A0A2G9H297	A0A2G9H297_9LAMI
A0A2G9HS65	A0A2G9HS65_9LAMI
A0A2H1FIS8	A0A2H1FIS8_ZYMTR
A0A2H3FW02	A0A2H3FW02_GIBZA
A0A2H3RIT6	A0A2H3RIT6_GIBFU
A0A2H5PRW1	A0A2H5PRW1_CITUN
A0A2H5W150	A0A2H5W150_UNCXX
A0A2I0HPQ4	A0A2I0HPQ4_PUNGR
A0A2I4EFZ0	A0A2I4EFZ0_JUGRE
A0A2I4FRU1	A0A2I4FRU1_JUGRE
A0A2I4HUC1	A0A2I4HUC1_JUGRE
A0A2J6JYC1	A0A2J6JYC1_LACSA
A0A2J6LLW7	A0A2J6LLW7_LACSA
A0A2J6QGV2	A0A2J6QGV2_9HELO
A0A2J6S1J1	A0A2J6S1J1_HYAVF
A0A2J6T2R2	A0A2J6T2R2_9HELO
A0A2J8BXE7	A0A2J8BXE7_VERDA
A0A2K0TCW8	A0A2K0TCW8_9HYPO
A0A2K1QFH2	A0A2K1QFH2_9PEZI
A0A2K3DVE8	A0A2K3DVE8_CHLRE
A0A2K3KYM6	A0A2K3KYM6_TRIPR
A0A2K3NSQ3	A0A2K3NSQ3_TRIPR
A0A2K3NXG6	A0A2K3NXG6_TRIPR
A0A2K3P9G6	A0A2K3P9G6_TRIPR
A0A2K3PFE0	A0A2K3PFE0_TRIPR
A0A2K3PP05	A0A2K3PP05_TRIPR
A0A2K3QD19	A0A2K3QD19_9HYPO
A0A2L2TN99	A0A2L2TN99_9HYPO
A0A2N3N543	A0A2N3N543_9PEZI
A0A2N9II50	A0A2N9II50_FAGSY
A0A2P2H305	A0A2P2H305_ASPFA
A0A2P2L759	A0A2P2L759_RHIMU
A0A2P2L768	A0A2P2L768_RHIMU
A0A2P4Y050	A0A2P4Y050_9STRA
A0A2P4ZVE6	A0A2P4ZVE6_9HYPO
A0A2P5BB64	A0A2P5BB64_PARAD
A0A2P5ER02	A0A2P5ER02_TREOI
A0A2P5IDI7	A0A2P5IDI7_9PEZI
A0A2P5WNR6	A0A2P5WNR6_GOSBA
A0A2P6S1E3	A0A2P6S1E3_ROSCH
A0A2P6SEQ7	A0A2P6SEQ7_ROSCH
A0A2P6TVT6	A0A2P6TVT6_CHLSO
A0A2P6V2H3	A0A2P6V2H3_9CHLO
A0A2P7Z222	A0A2P7Z222_9PEZI
A0A2R6QE92	A0A2R6QE92_ACTCC
A0A2R6QPK1	A0A2R6QPK1_ACTCC
A0A2R6XRU9	A0A2R6XRU9_MARPO
A0A2S3GYG4	A0A2S3GYG4_9POAL
A0A2S4L9N4	A0A2S4L9N4_9HYPO
A0A2S7NSF5	A0A2S7NSF5_9HELO
A0A2S7NZ07	A0A2S7NZ07_9HELO
A0A2S7P4Q4	A0A2S7P4Q4_9HELO
A0A2S7R240	A0A2S7R240_9HELO
A0A2T0WT31	A0A2T0WT31_9BACT
A0A2T2N6L2	A0A2T2N6L2_CORCC
A0A2T2ZTQ5	A0A2T2ZTQ5_9PEZI
A0A2T3BDW5	A0A2T3BDW5_AMORE
A0A2T3Z7Y6	A0A2T3Z7Y6_9HYPO
A0A2T4A3R6	A0A2T4A3R6_TRIHA
A0A2T4GID4	A0A2T4GID4_FUSCU
A0A2T7EPX2	A0A2T7EPX2_9POAL
A0A2T7EPX6	A0A2T7EPX6_9POAL
A0A2U1P2T0	A0A2U1P2T0_ARTAN
A0A2U2XFN5	A0A2U2XFN5_9FLAO
A0A2U3E1Z7	A0A2U3E1Z7_PURLI
A0A2U3E3S6	A0A2U3E3S6_PURLI
A0A2V0PJA8	A0A2V0PJA8_9CHLO
A0A2V1CI42	A0A2V1CI42_9HELO
A0A2W1FTN3	A0A2W1FTN3_9PLEO
A0A2Z6MRN5	A0A2Z6MRN5_TRISU
A0A2Z6SHG4	A0A2Z6SHG4_9GLOM
A0A314XM50	A0A314XM50_PRUYE
A0A314ZQ09	A0A314ZQ09_PRUYE
A0A316YT72	A0A316YT72_9BASI
A0A317VQQ8	A0A317VQQ8_ASPEC
A0A318ZBI3	A0A318ZBI3_ASPNB
A0A319BEK4	A0A319BEK4_ASPLB
A0A319BFG3	A0A319BFG3_ASPVC
A0A328D7R8	A0A328D7R8_9ASTE
A0A351DW65	A0A351DW65_9FLAO
A0A352WMN3	A0A352WMN3_9FLAO
A0A356TP28	A0A356TP28_UNCMY
A0A364MIF6	A0A364MIF6_ASPFL
A0A364N6G2	A0A364N6G2_9PLEO
A0A368Q005	A0A368Q005_SETIT
A0A370BG62	A0A370BG62_ASPNG
A0A370PKH2	A0A370PKH2_ASPPH
A0A370TQ54	A0A370TQ54_9HELO
A0A371F3S0	A0A371F3S0_MUCPR
A0A383W3S5	A0A383W3S5_TETOB
A0A384JRZ6	A0A384JRZ6_BOTFB
A0A384L5Z4	A0A384L5Z4_ARATH
A0A388MAY2	A0A388MAY2_CHABU
A0A392M251	A0A392M251_9FABA
A0A394DCM0	A0A394DCM0_LUPAN
A0A395GT60	A0A395GT60_9EURO
A0A395J170	A0A395J170_9HELO
A0A395RGL5	A0A395RGL5_9HYPO
A0A397GXI4	A0A397GXI4_9EURO
A0A397JKS4	A0A397JKS4_9GLOM
A0A397T1V3	A0A397T1V3_9GLOM
A0A397Y706	A0A397Y706_BRACM
A0A397YC31	A0A397YC31_BRACM
A0A397YTB9	A0A397YTB9_BRACM
A0A397YTK8	A0A397YTK8_BRACM
A0A397YUB4	A0A397YUB4_BRACM
A0A397Z044	A0A397Z044_BRACM
A0A397Z2C7	A0A397Z2C7_BRACM
A0A397ZBQ9	A0A397ZBQ9_BRACM
A0A397ZBU6	A0A397ZBU6_BRACM
A0A397ZCY4	A0A397ZCY4_BRACM
A0A397ZDH1	A0A397ZDH1_BRACM
A0A397ZEW4	A0A397ZEW4_BRACM
A0A397ZJK5	A0A397ZJK5_BRACM
A0A397ZTW6	A0A397ZTW6_BRACM
A0A398AG05	A0A398AG05_BRACM
A0A398AUB0	A0A398AUB0_BRACM
A0A399GEP4	A0A399GEP4_9PLEO
A0A399HR24	A0A399HR24_9PLEO
A0A3B6KFE8	A0A3B6KFE8_WHEAT
A0A3B6LKW3	A0A3B6LKW3_WHEAT
A0A3B6MQ73	A0A3B6MQ73_WHEAT
A0A3B8MA00	A0A3B8MA00_9PLAN
A0A3B8PS85	A0A3B8PS85_9PLAN
A0A3B9APR6	A0A3B9APR6_9BACT
A0A3C0G984	A0A3C0G984_9FLAO
A0A3D1DGR0	A0A3D1DGR0_9PLAN
A0A3D4GVY3	A0A3D4GVY3_UNCLA
A0A3D8Q8B3	A0A3D8Q8B3_9HELO
A0A3D8R406	A0A3D8R406_9EURO
A0A3D8SXM8	A0A3D8SXM8_9HELO
A0A3E2H941	A0A3E2H941_SCYLI
A0A3F3Q6B6	A0A3F3Q6B6_9EURO
A0A3G5ACG8	A0A3G5ACG8_9VIRU
A0A3G9CNJ0	A0A3G9CNJ0_ISATI
A0A3G9CNJ6	A0A3G9CNJ6_ISATI
A0A3L6E1H1	A0A3L6E1H1_MAIZE
A0A3L6QN53	A0A3L6QN53_PANMI
A0A3M2RW75	A0A3M2RW75_9HYPO
A0A3M6WFP6	A0A3M6WFP6_HORWE
A0A3M6X5U9	A0A3M6X5U9_HORWE
A0A3M6X862	A0A3M6X862_HORWE
A0A3M6Y743	A0A3M6Y743_HORWE
A0A3M6YDT0	A0A3M6YDT0_HORWE
A0A3M6YZU5	A0A3M6YZU5_HORWE
A0A3M6Z7Q6	A0A3M6Z7Q6_HORWE
A0A3M6ZC25	A0A3M6ZC25_HORWE
A0A3M6ZGA2	A0A3M6ZGA2_HORWE
A0A3M7BFY7	A0A3M7BFY7_HORWE
A0A3M7BRE4	A0A3M7BRE4_HORWE
A0A3M7BWK2	A0A3M7BWK2_HORWE
A0A3M7CZ29	A0A3M7CZ29_HORWE
A0A3M7E470	A0A3M7E470_HORWE
A0A3M7E4V3	A0A3M7E4V3_HORWE
A0A3M7EA20	A0A3M7EA20_HORWE
A0A3M7FE92	A0A3M7FE92_HORWE
A0A3M7FF97	A0A3M7FF97_HORWE
A0A3M7FYR9	A0A3M7FYR9_HORWE
A0A3M7G3V5	A0A3M7G3V5_HORWE
A0A3M7H6D7	A0A3M7H6D7_HORWE
A0A3M7I6T0	A0A3M7I6T0_HORWE
A0A3M7IMC6	A0A3M7IMC6_HORWE
A0A3M7LYG9	A0A3M7LYG9_9PLEO
A0A3M7M0J6	A0A3M7M0J6_9PLEO
A0A3M7MB93	A0A3M7MB93_9PLEO
A0A3M9Y2Y7	A0A3M9Y2Y7_9PEZI
A0A3N2PT71	A0A3N2PT71_9PEZI
A0A3N6S9P2	A0A3N6S9P2_BRACR
A0A3P5YBK3	A0A3P5YBK3_BRACM
A0A3P5YVW0	A0A3P5YVW0_BRACM
A0A3P5YXB8	A0A3P5YXB8_BRACM
A0A3P5Z7T6	A0A3P5Z7T6_BRACM
A0A3P5ZA31	A0A3P5ZA31_BRACM
A0A3P5ZBN7	A0A3P5ZBN7_BRACM
A0A3P5ZIH2	A0A3P5ZIH2_BRACM
A0A3P6AL60	A0A3P6AL60_BRACM
A0A3P6C8A0	A0A3P6C8A0_BRACM
A0A3P6CNZ2	A0A3P6CNZ2_BRAOL
A0A3P6DS51	A0A3P6DS51_BRAOL
A0A3P6EJR7	A0A3P6EJR7_BRAOL
A0A3P6ERQ6	A0A3P6ERQ6_BRAOL
A0A3P6EVF3	A0A3P6EVF3_BRAOL
A0A3P6F3S2	A0A3P6F3S2_BRAOL
A0A3P6F9Q2	A0A3P6F9Q2_BRAOL
A0A3P6FG42	A0A3P6FG42_BRAOL
A0A3P6FHE4	A0A3P6FHE4_BRAOL
A0A3P6FKS4	A0A3P6FKS4_BRAOL
A0A3P6FV71	A0A3P6FV71_BRAOL
A0A3P6GLI8	A0A3P6GLI8_BRAOL
A0A3P6GWW4	A0A3P6GWW4_BRAOL
A0A3P6GZI4	A0A3P6GZI4_BRAOL
A0A3Q0EZ96	A0A3Q0EZ96_VIGRR
A0A3Q0F3T3	A0A3Q0F3T3_VIGRR
A0A3Q7GJ82	A0A3Q7GJ82_SOLLC
A0A3S4AST6	A0A3S4AST6_9PEZI
A0A401KRG8	A0A401KRG8_ASPAW
A0A409XYS3	A0A409XYS3_9AGAR
A0A421CUA5	A0A421CUA5_9EURO
A0A423VYZ6	A0A423VYZ6_9PEZI
A0A423VZE2	A0A423VZE2_9PEZI
A0A423WIF3	A0A423WIF3_9PEZI
A0A427XYB3	A0A427XYB3_9TREE
A0A427Y5L7	A0A427Y5L7_9TREE
A0A428P9N6	A0A428P9N6_9HYPO
A0A428PSX5	A0A428PSX5_9HYPO
A0A428SDV2	A0A428SDV2_9HYPO
A0A428SS60	A0A428SS60_9HYPO
A0A428UT98	A0A428UT98_9HYPO
A0A430LTJ6	A0A430LTJ6_9HYPO
A0A432H020	A0A432H020_UNCPL
A0A432ID88	A0A432ID88_UNCFI
A0A433B9K0	A0A433B9K0_9FUNG
A0A438BVI8	A0A438BVI8_VITVI
A0A438DPI6	A0A438DPI6_VITVI
A0A438IEH0	A0A438IEH0_VITVI
A0A438IF12	A0A438IF12_VITVI
A0A438JH97	A0A438JH97_VITVI
A0A443HXN0	A0A443HXN0_BYSSP
A0A443NET1	A0A443NET1_9MAGN
A0A444ZBG5	A0A444ZBG5_ARAHY
A0A445F7P1	A0A445F7P1_GLYSO
A0A445JFW3	A0A445JFW3_GLYSO
A0A447BZR7	A0A447BZR7_PODCO
A0A453KHS9	A0A453KHS9_AEGTS
A0A453KHU4	A0A453KHU4_AEGTS
A0A453KI92	A0A453KI92_AEGTS
A0A484K6S3	A0A484K6S3_9ASTE
A0A484KGI8	A0A484KGI8_9ASTE
A0A497HPS3	A0A497HPS3_UNCTM
A0A497HR18	A0A497HR18_UNCTM
A0A498HDC4	A0A498HDC4_MALDO
A0A498J8E8	A0A498J8E8_MALDO
A0A4D6KWX2	A0A4D6KWX2_VIGUN
A0A4D6M5T0	A0A4D6M5T0_VIGUN
A0A4D9CSM8	A0A4D9CSM8_9STRA
A0A4P9W7G7	A0A4P9W7G7_9FUNG
A0A4P9YIR4	A0A4P9YIR4_ROZAC
A0A4Q4MR65	A0A4Q4MR65_9PLEO
A0A4Q4PM81	A0A4Q4PM81_9PLEO
A0A4Q4QJQ4	A0A4Q4QJQ4_9PLEO
A0A4Q4RP25	A0A4Q4RP25_9PLEO
A0A4Q4RS86	A0A4Q4RS86_9PLEO
A0A4Q4RTT6	A0A4Q4RTT6_9PLEO
A0A4Q4UGF6	A0A4Q4UGF6_9PEZI
A0A4Q4VLU7	A0A4Q4VLU7_9PEZI
A0A4Q4ZCA2	A0A4Q4ZCA2_9PEZI
A0A4Q7KAQ5	A0A4Q7KAQ5_METCM
A0A4Q7MNS3	A0A4Q7MNS3_9BACT
A0A4R8PQ82	A0A4R8PQ82_9PEZI
A0A4R8TS80	A0A4R8TS80_9PEZI
A0A4S3JE98	A0A4S3JE98_9EURO
A0A4S4LQF7	A0A4S4LQF7_9AGAM
A0A4S8M5C2	A0A4S8M5C2_DENBC
A0A4S8R6X5	A0A4S8R6X5_9HELO
A0A4S8S9B1	A0A4S8S9B1_AURPU
A0A4S8ST56	A0A4S8ST56_AURPU
A0A4S8SVU3	A0A4S8SVU3_AURPU
A0A4S8TFK3	A0A4S8TFK3_AURPU
A0A4S8TGD5	A0A4S8TGD5_AURPU
A0A4S8U4A9	A0A4S8U4A9_AURPU
A0A4S8V0V9	A0A4S8V0V9_AURPU
A0A4S8V9U4	A0A4S8V9U4_AURPU
A0A4S8VFL4	A0A4S8VFL4_AURPU
A0A4S8VN18	A0A4S8VN18_AURPU
A0A4S8WDA8	A0A4S8WDA8_AURPU
A0A4S8X7X2	A0A4S8X7X2_AURPU
A0A4S8XSP1	A0A4S8XSP1_AURPU
A0A4S8YJ57	A0A4S8YJ57_AURPU
A0A4S8YNV6	A0A4S8YNV6_AURPU
A0A4S8YUV5	A0A4S8YUV5_AURPU
A0A4S9A5R6	A0A4S9A5R6_AURPU
A0A4S9A9B6	A0A4S9A9B6_AURPU
A0A4S9ABX2	A0A4S9ABX2_AURPU
A0A4S9B024	A0A4S9B024_AURPU
A0A4S9B324	A0A4S9B324_AURPU
A0A4S9B6S5	A0A4S9B6S5_AURPU
A0A4S9BVX8	A0A4S9BVX8_AURPU
A0A4S9C4I1	A0A4S9C4I1_AURPU
A0A4S9CFR6	A0A4S9CFR6_AURPU
A0A4S9CUY9	A0A4S9CUY9_AURPU
A0A4S9DD97	A0A4S9DD97_AURPU
A0A4S9EG17	A0A4S9EG17_AURPU
A0A4S9EXC1	A0A4S9EXC1_AURPU
A0A4S9FLF0	A0A4S9FLF0_AURPU
A0A4S9FVH1	A0A4S9FVH1_AURPU
A0A4S9GD64	A0A4S9GD64_AURPU
A0A4S9GV56	A0A4S9GV56_AURPU
A0A4S9H8F0	A0A4S9H8F0_AURPU
A0A4S9HGZ9	A0A4S9HGZ9_AURPU
A0A4S9HRF5	A0A4S9HRF5_AURPU
A0A4S9I636	A0A4S9I636_AURPU
A0A4S9IIH5	A0A4S9IIH5_AURPU
A0A4S9K116	A0A4S9K116_AURPU
A0A4S9KCT0	A0A4S9KCT0_AURPU
A0A4S9KIN6	A0A4S9KIN6_AURPU
A0A4S9KV90	A0A4S9KV90_AURPU
A0A4S9KYJ1	A0A4S9KYJ1_AURPU
A0A4S9L996	A0A4S9L996_AURPU
A0A4S9LU77	A0A4S9LU77_AURPU
A0A4S9LZ98	A0A4S9LZ98_AURPU
A0A4S9MBX9	A0A4S9MBX9_AURPU
A0A4S9MQ99	A0A4S9MQ99_AURPU
A0A4S9N945	A0A4S9N945_AURPU
A0A4S9P349	A0A4S9P349_AURPU
A0A4S9Q9J2	A0A4S9Q9J2_AURPU
A0A4S9QP45	A0A4S9QP45_AURPU
A0A4S9QPN5	A0A4S9QPN5_AURPU
A0A4S9QRA7	A0A4S9QRA7_AURPU
A0A4S9R1W0	A0A4S9R1W0_AURPU
A0A4S9RKE2	A0A4S9RKE2_AURPU
A0A4S9SGR9	A0A4S9SGR9_AURPU
A0A4S9T7W5	A0A4S9T7W5_AURPU
A0A4S9UY58	A0A4S9UY58_AURPU
A0A4S9X1F4	A0A4S9X1F4_AURPU
A0A4S9XN21	A0A4S9XN21_AURPU
A0A4S9XSC0	A0A4S9XSC0_AURPU
A0A4S9Y7C6	A0A4S9Y7C6_AURPU
A0A4S9YFZ6	A0A4S9YFZ6_AURPU
A0A4S9YPA6	A0A4S9YPA6_AURPU
A0A4S9ZKP8	A0A4S9ZKP8_AURPU
A0A4T0A309	A0A4T0A309_AURPU
A0A4T0AK22	A0A4T0AK22_AURPU
A0A4T0BA62	A0A4T0BA62_AURPU
A0A4T0C5T7	A0A4T0C5T7_AURPU
A0A4T0CPX9	A0A4T0CPX9_AURPU
A0A4T0D003	A0A4T0D003_AURPU
A0A4T0DPQ9	A0A4T0DPQ9_AURPU
A0A4T0E7P7	A0A4T0E7P7_AURPU
A0A4T0E886	A0A4T0E886_AURPU
A0A4U0V2R3	A0A4U0V2R3_9PEZI
A0A4U0X6N1	A0A4U0X6N1_9PEZI
A0A4U0XNP3	A0A4U0XNP3_9PEZI
A0A4U5R3X9	A0A4U5R3X9_POPAL
A0A4U6VTS1	A0A4U6VTS1_SETVI
A0A4U7AY06	A0A4U7AY06_9PEZI
A0A4V1WPB4	A0A4V1WPB4_9PLEO
A0A4V1WSZ7	A0A4V1WSZ7_ALTAL
A0A4V1X9E3	A0A4V1X9E3_9PEZI
A0A4V1XAE4	A0A4V1XAE4_9PEZI
A0A4V1XX40	A0A4V1XX40_9PEZI
A0A4V1Y199	A0A4V1Y199_9PEZI
A0A4V3HW98	A0A4V3HW98_COLTR
A0A4V4I305	A0A4V4I305_AURPU
A0A4V4IC87	A0A4V4IC87_AURPU
A0A4V4J0C3	A0A4V4J0C3_AURPU
A0A4V4JGX7	A0A4V4JGX7_AURPU
A0A4V4KJ96	A0A4V4KJ96_AURPU
A0A4V4LCG4	A0A4V4LCG4_AURPU
A0A4V4LH86	A0A4V4LH86_AURPU
A0A4V6TKX3	A0A4V6TKX3_AURPU
A0A4V6Y8U5	A0A4V6Y8U5_SETVI
A0A4Y7JXV1	A0A4Y7JXV1_PAPSO
A0A4Y7LB18	A0A4Y7LB18_PAPSO
A0A4Y8DD97	A0A4Y8DD97_9HELO
A0A4Z0YS65	A0A4Z0YS65_9PEZI
A0A4Z1EAC1	A0A4Z1EAC1_9HELO
A0A4Z1FKF9	A0A4Z1FKF9_9HELO
A0A4Z1GNW1	A0A4Z1GNW1_9HELO
A0A4Z1HYK7	A0A4Z1HYK7_9HELO
A0A4Z1I1I3	A0A4Z1I1I3_9HELO
A0A4Z1KC22	A0A4Z1KC22_9HELO
A0A4Z1KT88	A0A4Z1KT88_9HELO
A0A4Z1PND2	A0A4Z1PND2_9PEZI
A0A507EBU1	A0A507EBU1_9FUNG
A0A507FBN3	A0A507FBN3_9FUNG
A0A517LIG8	A0A517LIG8_9PEZI
A0A517LJL1	A0A517LJL1_9PEZI
A0A520QJU3	A0A520QJU3_9BACT
A0A534JTL7	A0A534JTL7_UNCEA
A0A540NAN5	A0A540NAN5_MALBA
A0A545UZS9	A0A545UZS9_9HYPO
A0A559MC94	A0A559MC94_9HELO
A0A565B6B0	A0A565B6B0_9BRAS
A0A565B874	A0A565B874_9BRAS
A0A565BFT2	A0A565BFT2_9BRAS
A0A565C611	A0A565C611_9BRAS
A0A565CH35	A0A565CH35_9BRAS
A0A565CPA9	A0A565CPA9_9BRAS
A0A5A7PL05	A0A5A7PL05_STRAF
A0A5B6VK42	A0A5B6VK42_9ROSI
A0A5B7B8L2	A0A5B7B8L2_DAVIN
A0A5B8MK16	A0A5B8MK16_9CHLO
A0A5C1K9B9	A0A5C1K9B9_9CAUD
A0A5C5FU31	A0A5C5FU31_9BASI
A0A5C6G3V3	A0A5C6G3V3_9HYPO
A0A5C7HEX1	A0A5C7HEX1_9ROSI
A0A5D2BP87	A0A5D2BP87_GOSDA
A0A5D2FM77	A0A5D2FM77_GOSDA
A0A5D2JYL8	A0A5D2JYL8_GOSTO
A0A5D2PGK8	A0A5D2PGK8_GOSTO
A0A5D2TZM5	A0A5D2TZM5_GOSMU
A0A5D2YCU3	A0A5D2YCU3_GOSMU
A0A5D3CBW1	A0A5D3CBW1_CUCME
A0A5E4FE76	A0A5E4FE76_PRUDU
A0A5E4FYJ6	A0A5E4FYJ6_PRUDU
A0A5E4GDQ9	A0A5E4GDQ9_PRUDU
A0A5E4GG46	A0A5E4GG46_PRUDU
A0A5J4Y5C3	A0A5J4Y5C3_9CHLO
A0A5J5A6W9	A0A5J5A6W9_9ASTE
A0A5J5CUZ2	A0A5J5CUZ2_9PERO
A0A5J5EUJ0	A0A5J5EUJ0_9PEZI
A0A5J5QF44	A0A5J5QF44_GOSBA
A0A5J9TI36	A0A5J9TI36_9POAL
A0A5K0YNB8	A0A5K0YNB8_9MAGN
A0A5K0YQ18	A0A5K0YQ18_9MAGN
A0A5K0YQ27	A0A5K0YQ27_9MAGN
A0A5K0YQ28	A0A5K0YQ28_9MAGN
A0A5K0YQ39	A0A5K0YQ39_9MAGN
A0A5K0YQ55	A0A5K0YQ55_9MAGN
A0A5K0YQM6	A0A5K0YQM6_9MAGN
A0A5K1B324	A0A5K1B324_9MAGN
A0A5K1B4L0	A0A5K1B4L0_9MAGN
A0A5K1B590	A0A5K1B590_9MAGN
A0A5K1BTC4	A0A5K1BTC4_9MAGN
A0A5M8PT86	A0A5M8PT86_9LECA
A0A5M9JJS7	A0A5M9JJS7_MONFR
A0A5M9JP05	A0A5M9JP05_MONFR
A0A5N5GE70	A0A5N5GE70_9ROSA
A0A5N5GIZ1	A0A5N5GIZ1_9ROSA
A0A5N5KCD1	A0A5N5KCD1_9ROSI
A0A5N5KCI7	A0A5N5KCI7_9ROSI
A0A5N5MIB9	A0A5N5MIB9_9PEZI
A0A5N5NZB6	A0A5N5NZB6_9PEZI
A0A5N5PUD0	A0A5N5PUD0_9PEZI
A0A5N5X1C1	A0A5N5X1C1_9EURO
A0A5N6FA22	A0A5N6FA22_9EURO
A0A5N6H900	A0A5N6H900_ASPFL
A0A5N6I9J2	A0A5N6I9J2_9EURO
A0A5N6J5K6	A0A5N6J5K6_9EURO
A0A5N6K0M6	A0A5N6K0M6_MONLA
A0A5N6MX65	A0A5N6MX65_9ASTR
A0A5N6R972	A0A5N6R972_9ROSI
A0A5N6T5R3	A0A5N6T5R3_ASPPS
A0A5P1FHG6	A0A5P1FHG6_ASPOF
A0A5Q4BY14	A0A5Q4BY14_9PEZI
A0A5S9YC47	A0A5S9YC47_ARATH
A0A653PDN1	A0A653PDN1_9FLAO
A0A662BG12	A0A662BG12_UNCBA
A0A662LH82	A0A662LH82_UNCTM
A0A662MPT9	A0A662MPT9_UNCTM
A0A6A2WJU2	A0A6A2WJU2_HIBSY
A0A6A3AZH7	A0A6A3AZH7_HIBSY
A0A6A4I6J9	A0A6A4I6J9_9AGAR
A0A6A4LU31	A0A6A4LU31_9ERIC
A0A6A5K4T0	A0A6A5K4T0_9PLEO
A0A6A5KMZ0	A0A6A5KMZ0_9PLEO
A0A6A5NNN4	A0A6A5NNN4_LUPAL
A0A6A5RK12	A0A6A5RK12_9PLEO
A0A6A5RZJ8	A0A6A5RZJ8_9PLEO
A0A6A5SSG5	A0A6A5SSG5_9PLEO
A0A6A5T731	A0A6A5T731_9PLEO
A0A6A5U6M6	A0A6A5U6M6_9PLEO
A0A6A5UE98	A0A6A5UE98_9PLEO
A0A6A5VE95	A0A6A5VE95_9PLEO
A0A6A5VGE7	A0A6A5VGE7_9PLEO
A0A6A5VIM9	A0A6A5VIM9_9PLEO
A0A6A5XTN8	A0A6A5XTN8_9PLEO
A0A6A5XX49	A0A6A5XX49_9PLEO
A0A6A5YY08	A0A6A5YY08_9PLEO
A0A6A5ZA22	A0A6A5ZA22_9PLEO
A0A6A6AQE6	A0A6A6AQE6_9PLEO
A0A6A6AT18	A0A6A6AT18_9PLEO
A0A6A6EKD5	A0A6A6EKD5_9PEZI
A0A6A6FEM0	A0A6A6FEM0_9PEZI
A0A6A6K9G7	A0A6A6K9G7_HEVBR
A0A6A6KU01	A0A6A6KU01_HEVBR
A0A6A6KWP0	A0A6A6KWP0_HEVBR
A0A6A6KYD2	A0A6A6KYD2_HEVBR
A0A6A6QDC3	A0A6A6QDC3_9PEZI
A0A6A6SA68	A0A6A6SA68_9PLEO
A0A6A6T0E9	A0A6A6T0E9_9PLEO
A0A6A6TN49	A0A6A6TN49_9PLEO
A0A6A6V7G9	A0A6A6V7G9_9PLEO
A0A6A6VV35	A0A6A6VV35_9PEZI
A0A6A6XPF4	A0A6A6XPF4_9PLEO
A0A6A6YCF4	A0A6A6YCF4_9PEZI
A0A6A7A506	A0A6A7A506_9PLEO
A0A6A7BBD1	A0A6A7BBD1_9PLEO
A0A6A7BD41	A0A6A7BD41_9PLEO
A0A6A7BRX0	A0A6A7BRX0_9PEZI
A0A6D2HZ96	A0A6D2HZ96_9BRAS
A0A6D2I398	A0A6D2I398_9BRAS
A0A6D2JD21	A0A6D2JD21_9BRAS
A0A6D2JVQ9	A0A6D2JVQ9_9BRAS
A0A6D2KD19	A0A6D2KD19_9BRAS
A0A6G0X9S7	A0A6G0X9S7_9STRA
A0A6G1DSU1	A0A6G1DSU1_9ORYZ
A0A6G1DT54	A0A6G1DT54_9ORYZ
A0A6G1HJN3	A0A6G1HJN3_9PEZI
A0A6G1J6Z2	A0A6G1J6Z2_9PLEO
A0A6G1KIK1	A0A6G1KIK1_9PLEO
A0A6G1KKU3	A0A6G1KKU3_9PLEO
A0A6H0XN76	A0A6H0XN76_9PEZI
A0A6I9SF09	A0A6I9SF09_ELAGV
A0A6I9SFN2	A0A6I9SFN2_ELAGV
A0A6I9SFV4	A0A6I9SFV4_ELAGV
A0A6I9TVQ8	A0A6I9TVQ8_SESIN
A0A6I9U6F5	A0A6I9U6F5_SESIN
A0A6I9UNJ3	A0A6I9UNJ3_SESIN
A0A6J0JYB7	A0A6J0JYB7_RAPSA
A0A6J0KRQ7	A0A6J0KRQ7_RAPSA
A0A6J0L196	A0A6J0L196_RAPSA
A0A6J0M636	A0A6J0M636_RAPSA
A0A6J0MZL8	A0A6J0MZL8_RAPSA
A0A6J0N494	A0A6J0N494_RAPSA
A0A6J0P1H2	A0A6J0P1H2_RAPSA
A0A6J0P3E8	A0A6J0P3E8_RAPSA
A0A6J0ZJH7	A0A6J0ZJH7_9ROSI
A0A6J1G6U4	A0A6J1G6U4_CUCMO
A0A6J1I5Q1	A0A6J1I5Q1_CUCMA
A0A6J5UHB7	A0A6J5UHB7_PRUAR
A0A6J5WYA5	A0A6J5WYA5_PRUAR
A0A6L3ZIZ8	A0A6L3ZIZ8_9FLAO
A0A6L3ZK35	A0A6L3ZK35_9FLAO
A0A6M2F0P5	A0A6M2F0P5_9ROSI
A0A6N2BIT0	A0A6N2BIT0_SOLCI
A0A6N2MCV2	A0A6N2MCV2_SALVM
A0A6P4A522	A0A6P4A522_ZIZJJ
A0A6P4CX59	A0A6P4CX59_ARADU
A0A6P5F2D4	A0A6P5F2D4_ANACO
A0A6P5RS05	A0A6P5RS05_PRUAV
A0A6P6A2D8	A0A6P6A2D8_DURZI
A0A6P6S8V6	A0A6P6S8V6_COFAR
A0A6P6UX17	A0A6P6UX17_COFAR
A0A6P8BNT8	A0A6P8BNT8_PUNGR
A0A6P9DZL5	A0A6P9DZL5_JUGRE
A0A6P9E0A1	A0A6P9E0A1_JUGRE
A0A6P9E2M5	A0A6P9E2M5_JUGRE
A0A6P9E6S1	A0A6P9E6S1_JUGRE
A0A6P9EDG8	A0A6P9EDG8_JUGRE
A0A6P9EF29	A0A6P9EF29_JUGRE
A0A6P9ETU3	A0A6P9ETU3_JUGRE
A0A6S6WGF5	A0A6S6WGF5_9PLEO
A0A6S6WRA8	A0A6S6WRA8_9PLEO
A0A6T8DVU2	A0A6T8DVU2_9CRYP
A0A6T8E090	A0A6T8E090_9CRYP
A0A6V7PE68	A0A6V7PE68_ANACO
A0A6V8R2S5	A0A6V8R2S5_9HYPO
A0A7C8I1W3	A0A7C8I1W3_9PLEO
A0A7C8QCG0	A0A7C8QCG0_ORBOL
A0A7D5YV21	A0A7D5YV21_9HYPO
A0A7D8YHW4	A0A7D8YHW4_9HELO
A0A7D8YQ52	A0A7D8YQ52_9HELO
A0A7G2E231	A0A7G2E231_ARATH
A0A7G2EIY8	A0A7G2EIY8_ARATH
A0A7G2FEH5	A0A7G2FEH5_ARATH
A0A7G5KLF4	A0A7G5KLF4_ASPFL
A0A7I4AZF0	A0A7I4AZF0_PHYPA
A0A7I8JQN5	A0A7I8JQN5_SPIIN
A0A7I8LIY5	A0A7I8LIY5_SPIIN
A0A7I8LK63	A0A7I8LK63_SPIIN
A0A7I8LK78	A0A7I8LK78_SPIIN
A0A7J0G3I8	A0A7J0G3I8_9ERIC
A0A7J0G3P3	A0A7J0G3P3_9ERIC
A0A7J6HP11	A0A7J6HP11_CANSA
A0A7J6J7L4	A0A7J6J7L4_COLFN
A0A7J6XAA6	A0A7J6XAA6_THATH
A0A7J7D5M6	A0A7J7D5M6_TRIWF
A0A7J7H9J7	A0A7J7H9J7_CAMSI
A0A7J8LPE7	A0A7J8LPE7_9ROSI
A0A7J8P4D4	A0A7J8P4D4_GOSRA
A0A7J8RBM6	A0A7J8RBM6_GOSDV
A0A7J8ZE27	A0A7J8ZE27_9ROSI
A0A7J9BLH0	A0A7J9BLH0_GOSGO
A0A7J9DTA0	A0A7J9DTA0_9ROSI
A0A7J9GHX0	A0A7J9GHX0_9ROSI
A0A7J9IX91	A0A7J9IX91_9ROSI
A0A7J9L0W1	A0A7J9L0W1_GOSSC
A0A7K3WWL2	A0A7K3WWL2_9FLAO
A0A7M5XPS0	A0A7M5XPS0_9CNID
A0A7N0UD25	A0A7N0UD25_KALFE
A0A7N2LJF2	A0A7N2LJF2_QUELO
A0A7S0E199	A0A7S0E199_9CRYP
A0A7S0MGL1	A0A7S0MGL1_9CRYP
A0A7S0MRK9	A0A7S0MRK9_9CHLO
A0A7S0R8W7	A0A7S0R8W7_9CHLO
A0A7S0XAP3	A0A7S0XAP3_9CHLO
A0A7S1BZI6	A0A7S1BZI6_9STRA
A0A7S1HKQ9	A0A7S1HKQ9_HEMAN
A0A7S1JCU0	A0A7S1JCU0_9EUGL
A0A7S1KGP9	A0A7S1KGP9_9ALVE
A0A7S1ZIB6	A0A7S1ZIB6_9STRA
A0A7S2EDF6	A0A7S2EDF6_9STRA
A0A7S2IVH2	A0A7S2IVH2_9DINO
A0A7S3PKB3	A0A7S3PKB3_9STRA
A0A7S3QY44	A0A7S3QY44_DUNTE
A0A7S3UZQ2	A0A7S3UZQ2_9STRA
A0A7S3UZS4	A0A7S3UZS4_9STRA
A0A7S3VN42	A0A7S3VN42_DUNTE
A0A7S3XYA7	A0A7S3XYA7_HETAK
A0A7S4FRV0	A0A7S4FRV0_9EUGL
A0A7S4W1K6	A0A7S4W1K6_9STRA
A0A7S9KUV1	A0A7S9KUV1_EPIFF
A0A7U2EX13	A0A7U2EX13_PHANO
A0A7U2FHE1	A0A7U2FHE1_PHANO
A0A7W1FZP1	A0A7W1FZP1_UNCBA
A0A7W2P3R6	A0A7W2P3R6_9FLAO
A0A800JEK3	A0A800JEK3_9BACT
A0A803MGL9	A0A803MGL9_CHEQI
A0A803QI39	A0A803QI39_CANSA
A0A803QI40	A0A803QI40_CANSA
A0A804Q6S1	A0A804Q6S1_MAIZE
A0A804UCW3	A0A804UCW3_MAIZE
A0A811NEH4	A0A811NEH4_9POAL
A0A811NSQ0	A0A811NSQ0_9POAL
A0A812LHL4	A0A812LHL4_9DINO
A0A813UJ92	A0A813UJ92_9BILA
A0A813WKY7	A0A813WKY7_9BILA
A0A813X866	A0A813X866_9BILA
A0A813XTY9	A0A813XTY9_9BILA
A0A813ZNJ6	A0A813ZNJ6_ADIRI
A0A814BIA6	A0A814BIA6_ADIRI
A0A814FXA4	A0A814FXA4_9BILA
A0A814MUW3	A0A814MUW3_9BILA
A0A814QKI7	A0A814QKI7_9BILA
A0A814U5Z4	A0A814U5Z4_9BILA
A0A815AZM9	A0A815AZM9_9BILA
A0A815B519	A0A815B519_9BILA
A0A815BH06	A0A815BH06_9BILA
A0A815IGR0	A0A815IGR0_9BILA
A0A815LSI9	A0A815LSI9_9BILA
A0A815MSE0	A0A815MSE0_9BILA
A0A815S099	A0A815S099_9BILA
A0A816DK30	A0A816DK30_9BILA
A0A816KEP7	A0A816KEP7_BRANA
A0A816KRI3	A0A816KRI3_BRANA
A0A816LJ54	A0A816LJ54_BRANA
A0A816LKW0	A0A816LKW0_BRANA
A0A816M4M7	A0A816M4M7_BRANA
A0A816MGE0	A0A816MGE0_BRANA
A0A816MTJ7	A0A816MTJ7_BRANA
A0A816Q343	A0A816Q343_BRANA
A0A816Q5Y8	A0A816Q5Y8_BRANA
A0A816RQW4	A0A816RQW4_BRANA
A0A816SZ31	A0A816SZ31_BRANA
A0A816SZU3	A0A816SZU3_BRANA
A0A816TQG4	A0A816TQG4_BRANA
A0A816TR99	A0A816TR99_BRANA
A0A816TUL8	A0A816TUL8_BRANA
A0A816TUM7	A0A816TUM7_BRANA
A0A816ZMA0	A0A816ZMA0_BRANA
A0A817QUP1	A0A817QUP1_9BILA
A0A817SH66	A0A817SH66_9BILA
A0A818DJ20	A0A818DJ20_9BILA
A0A818RYS3	A0A818RYS3_9BILA
A0A819C2V5	A0A819C2V5_9BILA
A0A819DQE9	A0A819DQE9_9BILA
A0A819RZ84	A0A819RZ84_9BILA
A0A819S627	A0A819S627_9BILA
A0A819YCS3	A0A819YCS3_9BILA
A0A820BIQ3	A0A820BIQ3_9BILA
A0A820BWI1	A0A820BWI1_9BILA
A0A820DGG7	A0A820DGG7_9BILA
A0A820KMZ5	A0A820KMZ5_9BILA
A0A830CZN3	A0A830CZN3_9LAMI
A0A831K1Q7	A0A831K1Q7_UNCEA
A0A833QV02	A0A833QV02_9POAL
A0A834GXC5	A0A834GXC5_RHOSS
A0A834WVL5	A0A834WVL5_9FABA
A0A835EFC3	A0A835EFC3_9POAL
A0A835JJQ2	A0A835JJQ2_9ROSI
A0A835PH24	A0A835PH24_VANPL
A0A835TAE3	A0A835TAE3_CHLIN
A0A835U5H3	A0A835U5H3_VANPL
A0A835WWN2	A0A835WWN2_9CHLO
A0A835Z6H5	A0A835Z6H5_9STRA
A0A836CD99	A0A836CD99_9STRA
A0A836GXR6	A0A836GXR6_9TRYP
A0A836U9E9	A0A836U9E9_9BACT
A0A843WTG4	A0A843WTG4_COLES
A0A8A3PMN4	A0A8A3PMN4_9HELO
A0A8B7CES2	A0A8B7CES2_PHODC
A0A8B8DWR4	A0A8B8DWR4_CRAVI
A0A8B8KCE8	A0A8B8KCE8_ABRPR
A0A8B8KE23	A0A8B8KE23_ABRPR
A0A8B8PD83	A0A8B8PD83_9MYRT
A0A8B8PDZ7	A0A8B8PDZ7_9MYRT
A0A8D9DKP5	A0A8D9DKP5_BRACM
A0A8D9DRS0	A0A8D9DRS0_BRACM
A0A8D9G4R3	A0A8D9G4R3_BRACM
A0A8D9GDN0	A0A8D9GDN0_BRACM
A0A8D9HEW9	A0A8D9HEW9_BRACM
A0A8D9M356	A0A8D9M356_BRACM
A0A8E9ZR02	A0A8E9ZR02_ISATI
A0A8E9ZR03	A0A8E9ZR03_ISATI
A0A8E9ZR74	A0A8E9ZR74_ISATI
A0A8E9ZS78	A0A8E9ZS78_ISATI
A0A8E9ZSA0	A0A8E9ZSA0_ISATI
A0A8E9ZST6	A0A8E9ZST6_ISATI
A0A8E9ZSW9	A0A8E9ZSW9_ISATI
A0A8E9ZSX0	A0A8E9ZSX0_ISATI
A0A8G0PIJ6	A0A8G0PIJ6_9HYPO
A0A8G1QTP3	A0A8G1QTP3_9EURO
A0A8H2ZPP8	A0A8H2ZPP8_9HELO
A0A8H3F8B7	A0A8H3F8B7_9LECA
A0A8H3FI51	A0A8H3FI51_9LECA
A0A8H3I2V4	A0A8H3I2V4_9LECA
A0A8H3UDD2	A0A8H3UDD2_VENIN
A0A8H3UUU3	A0A8H3UUU3_VENIN
A0A8H3UZ04	A0A8H3UZ04_VENIN
A0A8H3WH13	A0A8H3WH13_9PEZI
A0A8H3XG40	A0A8H3XG40_GIGMA
A0A8H4AQJ4	A0A8H4AQJ4_GIGMA
A0A8H4EFD3	A0A8H4EFD3_9EURO
A0A8H4EHR8	A0A8H4EHR8_GIGMA
A0A8H4FNX3	A0A8H4FNX3_COLGL
A0A8H4IRM3	A0A8H4IRM3_9PEZI
A0A8H4L026	A0A8H4L026_9HYPO
A0A8H4NVT4	A0A8H4NVT4_9HYPO
A0A8H4PWL0	A0A8H4PWL0_9HYPO
A0A8H4UHT2	A0A8H4UHT2_9HYPO
A0A8H4WUZ7	A0A8H4WUZ7_9HYPO
A0A8H4Y4M3	A0A8H4Y4M3_9HYPO
A0A8H5WYM0	A0A8H5WYM0_FUSHE
A0A8H5ZGH3	A0A8H5ZGH3_COCSA
A0A8H5ZLJ8	A0A8H5ZLJ8_COCSA
A0A8H6ELY1	A0A8H6ELY1_9HELO
A0A8H6FBP4	A0A8H6FBP4_9LECA
A0A8H6FM26	A0A8H6FM26_9LECA
A0A8H6K802	A0A8H6K802_9PEZI
A0A8H6KLV7	A0A8H6KLV7_9PEZI
A0A8H6N1P2	A0A8H6N1P2_9PEZI
A0A8H6VNA6	A0A8H6VNA6_9PEZI
A0A8H7B120	A0A8H7B120_9PLEO
A0A8H7BE12	A0A8H7BE12_9PLEO
A0A8H7BE36	A0A8H7BE36_9PLEO
A0A8H7J6J9	A0A8H7J6J9_9PLEO
A0A8H7SEU8	A0A8H7SEU8_9FUNG
A0A8H7VAZ6	A0A8H7VAZ6_9FUNG
A0A8H7W0C7	A0A8H7W0C7_9FUNG
A0A8H7WCY7	A0A8H7WCY7_9HELO
A0A8H7X3S5	A0A8H7X3S5_9HELO
A0A8H8RU62	A0A8H8RU62_9HELO
A0A8H8UC24	A0A8H8UC24_9HELO
A0A8J2HXD2	A0A8J2HXD2_9PLEO
A0A8J2ICW8	A0A8J2ICW8_9PLEO
A0A8J2N2X7	A0A8J2N2X7_9PLEO
A0A8J3RR94	A0A8J3RR94_9ACTN
A0A8J4BQ44	A0A8J4BQ44_9CHLO
A0A8J4FTX8	A0A8J4FTX8_9CHLO
A0A8J4GU35	A0A8J4GU35_9CHLO
A0A8J4VQQ9	A0A8J4VQQ9_9ROSI
A0A8J6CVS9	A0A8J6CVS9_9ROSI
A0A8J6MIN8	A0A8J6MIN8_9BACT
A0A8J9SYX3	A0A8J9SYX3_9CHLO
A0A8K0HU84	A0A8K0HU84_COCNU
A0A8K0MEG3	A0A8K0MEG3_9ROSA
A0A8K0QD99	A0A8K0QD99_9HYPO
A0A8K0QXF8	A0A8K0QXF8_9PLEO
A0A8K0R8M0	A0A8K0R8M0_9PLEO
A0A8K0SXL6	A0A8K0SXL6_9HYPO
A0A8K0VL75	A0A8K0VL75_9HYPO
A0A8K0VXE8	A0A8K0VXE8_9PLEO
A0A8K0WHH6	A0A8K0WHH6_9HYPO
A0A8K0X1Q1	A0A8K0X1Q1_9PEZI
A0A8R7UH26	A0A8R7UH26_TRIUA
A0A8S0T2P5	A0A8S0T2P5_OLEEU
A0A8S1ZJF9	A0A8S1ZJF9_ARAAE
A0A8S1ZRF8	A0A8S1ZRF8_ARAAE
A0A8S1ZYV2	A0A8S1ZYV2_ARAAE
A0A8S2B8N2	A0A8S2B8N2_ARAAE
A0A8S2FVR4	A0A8S2FVR4_9BILA
A0A8S9BSF0	A0A8S9BSF0_9HELO
A0A8S9C3Z7	A0A8S9C3Z7_9HELO
A0A8S9D5V1	A0A8S9D5V1_9PEZI
A0A8S9DAU2	A0A8S9DAU2_9PEZI
A0A8S9FDS4	A0A8S9FDS4_BRACR
A0A8S9GF41	A0A8S9GF41_BRACR
A0A8S9GQS1	A0A8S9GQS1_BRACR
A0A8S9GQZ6	A0A8S9GQZ6_BRACR
A0A8S9HJP0	A0A8S9HJP0_BRACR
A0A8S9JRA2	A0A8S9JRA2_BRACR
A0A8S9K0Q4	A0A8S9K0Q4_BRACR
A0A8S9KLC9	A0A8S9KLC9_BRACR
A0A8S9KUB0	A0A8S9KUB0_BRACR
A0A8S9LT21	A0A8S9LT21_BRACR
A0A8S9MA90	A0A8S9MA90_BRACR
A0A8S9MXH7	A0A8S9MXH7_BRACR
A0A8S9PTQ5	A0A8S9PTQ5_BRACR
A0A8S9PUU5	A0A8S9PUU5_BRACR
A0A8S9PYG8	A0A8S9PYG8_BRACR
A0A8S9QJ66	A0A8S9QJ66_BRACR
A0A8S9QJD0	A0A8S9QJD0_BRACR
A0A8S9RPF6	A0A8S9RPF6_BRACR
A0A8S9RXX3	A0A8S9RXX3_BRACR
A0A8S9S8I6	A0A8S9S8I6_BRACR
A0A8S9SMW8	A0A8S9SMW8_BRACR
A0A8T0GW48	A0A8T0GW48_CERPU
A0A8T0JGU1	A0A8T0JGU1_PHAAN
A0A8T0PDL8	A0A8T0PDL8_PANVG
A0A8T0Q0V3	A0A8T0Q0V3_PANVG
A0A8T0VMQ1	A0A8T0VMQ1_PANVG
A0A8T1XM38	A0A8T1XM38_9BRAS
A0A8T1Y177	A0A8T1Y177_ARASU
A0A8T2A7B1	A0A8T2A7B1_9BRAS
A0A8T2AIX2	A0A8T2AIX2_ARASU
A0A8T2AQQ8	A0A8T2AQQ8_9BRAS
A0A8T2ATK8	A0A8T2ATK8_9BRAS
A0A8T2AW63	A0A8T2AW63_9BRAS
A0A8T2AYE3	A0A8T2AYE3_9BRAS
A0A8T2B026	A0A8T2B026_9BRAS
A0A8T2B582	A0A8T2B582_ARASU
A0A8T2B6M8	A0A8T2B6M8_ARASU
A0A8T2B8B7	A0A8T2B8B7_ARASU
A0A8T2BBH7	A0A8T2BBH7_ARASU
A0A8T2C792	A0A8T2C792_9BRAS
A0A8T2CDX3	A0A8T2CDX3_9BRAS
A0A8T2CQ75	A0A8T2CQ75_ARASU
A0A8T2D168	A0A8T2D168_9BRAS
A0A8T2DMR3	A0A8T2DMR3_ARASU
A0A8T2EYC9	A0A8T2EYC9_9BRAS
A0A8T2F1C0	A0A8T2F1C0_9BRAS
A0A8T2F315	A0A8T2F315_ARASU
A0A8T2F7E2	A0A8T2F7E2_ARASU
A0A8T2FA21	A0A8T2FA21_ARASU
A0A8T2FU38	A0A8T2FU38_9BRAS
A0A8T2HET0	A0A8T2HET0_ARASU
A0A8T2XC05	A0A8T2XC05_POPDE
A0A8T3B3D7	A0A8T3B3D7_DENNO
A0A8T9BTL2	A0A8T9BTL2_9HELO
A0A8W8HNS6	A0A8W8HNS6_CRAGI
A0A8X7P738	A0A8X7P738_BRACI
A0A8X7PFK0	A0A8X7PFK0_BRACI
A0A8X7PH64	A0A8X7PH64_BRACI
A0A8X7PHH6	A0A8X7PHH6_BRACI
A0A8X7Q325	A0A8X7Q325_BRACI
A0A8X7QA85	A0A8X7QA85_BRACI
A0A8X7QKH8	A0A8X7QKH8_BRACI
A0A8X7QLA7	A0A8X7QLA7_BRACI
A0A8X7QNW0	A0A8X7QNW0_BRACI
A0A8X7RA70	A0A8X7RA70_BRACI
A0A8X7REN3	A0A8X7REN3_BRACI
A0A8X7RQ94	A0A8X7RQ94_BRACI
A0A8X7S6G3	A0A8X7S6G3_BRACI
A0A8X7SCH1	A0A8X7SCH1_BRACI
A0A8X7SDC5	A0A8X7SDC5_BRACI
A0A8X7SDY6	A0A8X7SDY6_BRACI
A0A8X7SEZ3	A0A8X7SEZ3_BRACI
A0A8X7SG18	A0A8X7SG18_BRACI
A0A8X7SII1	A0A8X7SII1_BRACI
A0A8X7TME6	A0A8X7TME6_BRACI
A0A8X7TR62	A0A8X7TR62_BRACI
A0A8X7TZZ8	A0A8X7TZZ8_BRACI
A0A8X7UP47	A0A8X7UP47_BRACI
A0A8X7WF47	A0A8X7WF47_BRACI
A0A8X7WF63	A0A8X7WF63_BRACI
A0A8X7WRU2	A0A8X7WRU2_BRACI
A0A8X8B6N3	A0A8X8B6N3_BRACI
A0A8X8BVW6	A0A8X8BVW6_POPTO
A0A8X8BY03	A0A8X8BY03_POPTO
A0A8X8XNB2	A0A8X8XNB2_SALSN
A0A8X8XSC4	A0A8X8XSC4_SALSN
A0A921RL72	A0A921RL72_SORBI
A0A925AEN9	A0A925AEN9_9BACT
A0A931UWH8	A0A931UWH8_UNCDE
A0A931V6P0	A0A931V6P0_UNCDE
A0A942S806	A0A942S806_9BACT
A0A950XXK2	A0A950XXK2_9BACT
A0A956CGT5	A0A956CGT5_UNCMY
A0A956D3N3	A0A956D3N3_UNCMY
A0A958NVD4	A0A958NVD4_UNCBD
A0A959SZC3	A0A959SZC3_9FLAO
A0A959YYR9	A0A959YYR9_9FLAO
A0A964YL55	A0A964YL55_9BACT
A0A978VK89	A0A978VK89_ZIZJJ
A0A9D3W0P2	A0A9D3W0P2_9ROSI
A0A9D4YJB3	A0A9D4YJB3_PEA
A0A9D5DAJ6	A0A9D5DAJ6_9LILI
A0A9E2KYK6	A0A9E2KYK6_9FUSO
A0A9E6VR75	A0A9E6VR75_UNCBA
A0A9E7MGS1	A0A9E7MGS1_9CAUD
A0A9J5Z191	A0A9J5Z191_SOLCO
A0A9N7MN10	A0A9N7MN10_STRHE
A0A9N7NIX6	A0A9N7NIX6_STRHE
A0A9N7P500	A0A9N7P500_STRHE
A0A9N7YRM3	A0A9N7YRM3_PLEPL
A0A9N8EXP0	A0A9N8EXP0_9STRA
A0A9N8EZB1	A0A9N8EZB1_9STRA
A0A9N8JA98	A0A9N8JA98_9PEZI
A0A9N8JHH5	A0A9N8JHH5_9PEZI
A0A9N8K2F9	A0A9N8K2F9_9PEZI
A0A9N8K7S1	A0A9N8K7S1_9PEZI
A0A9N8PRK8	A0A9N8PRK8_9PEZI
A0A9N8YSB7	A0A9N8YSB7_9GLOM
A0A9N8ZKL9	A0A9N8ZKL9_FUNMO
A0A9N9C6H5	A0A9N9C6H5_9GLOM
A0A9N9C7X0	A0A9N9C7X0_9GLOM
A0A9N9K4K4	A0A9N9K4K4_9GLOM
A0A9N9KMS2	A0A9N9KMS2_9HELO
A0A9N9M0N0	A0A9N9M0N0_9HELO
A0A9N9Y308	A0A9N9Y308_9HYPO
A0A9N9YCM3	A0A9N9YCM3_9HYPO
A0A9N9ZCA6	A0A9N9ZCA6_9HYPO
A0A9P0Z7D2	A0A9P0Z7D2_CUSEU
A0A9P2ZXR7	A0A9P2ZXR7_9TREE
A0A9P3I1Q6	A0A9P3I1Q6_PURLI
A0A9P3N0D2	A0A9P3N0D2_9VIRI
A0A9P3N804	A0A9P3N804_9VIRI
A0A9P4GBT2	A0A9P4GBT2_9PLEO
A0A9P4HV60	A0A9P4HV60_9PEZI
A0A9P4J9X0	A0A9P4J9X0_9PEZI
A0A9P4JSX6	A0A9P4JSX6_9PLEO
A0A9P4KHF0	A0A9P4KHF0_9PLEO
A0A9P4LQT6	A0A9P4LQT6_9PLEO
A0A9P4NP99	A0A9P4NP99_9PEZI
A0A9P4T5R2	A0A9P4T5R2_CURKU
A0A9P4UC66	A0A9P4UC66_9PLEO
A0A9P4UFM7	A0A9P4UFM7_9PLEO
A0A9P4VX50	A0A9P4VX50_9PEZI
A0A9P4W6P2	A0A9P4W6P2_CURKU
A0A9P4XJD2	A0A9P4XJD2_9HYPO
A0A9P5B5Z1	A0A9P5B5Z1_9HYPO
A0A9P5BSX3	A0A9P5BSX3_9PEZI
A0A9P5BZG7	A0A9P5BZG7_9PLEO
A0A9P5H6N6	A0A9P5H6N6_9HYPO
A0A9P5LB85	A0A9P5LB85_9HYPO
A0A9P5M2W6	A0A9P5M2W6_9HELO
A0A9P5PM08	A0A9P5PM08_9AGAR
A0A9P5THZ0	A0A9P5THZ0_GYMJU
A0A9P5URU7	A0A9P5URU7_9FUNG
A0A9P6IFT9	A0A9P6IFT9_9PEZI
A0A9P6KVB1	A0A9P6KVB1_9PLEO
A0A9P6QFS7	A0A9P6QFS7_9FUNG
A0A9P6QQD8	A0A9P6QQD8_9FUNG
A0A9P6R5A4	A0A9P6R5A4_9FUNG
A0A9P6SS85	A0A9P6SS85_9FUNG
A0A9P6UTA1	A0A9P6UTA1_9FUNG
A0A9P6VRP5	A0A9P6VRP5_9HELO
A0A9P6Z6A9	A0A9P6Z6A9_9FUNG
A0A9P7CAU9	A0A9P7CAU9_RHIOR
A0A9P7FU66	A0A9P7FU66_9AGAR
A0A9P7H3B8	A0A9P7H3B8_9HYPO
A0A9P7MKM6	A0A9P7MKM6_9HYPO
A0A9P7MW15	A0A9P7MW15_9HYPO
A0A9P7NW79	A0A9P7NW79_9HYPO
A0A9P7P1L0	A0A9P7P1L0_9HYPO
A0A9P7PIV0	A0A9P7PIV0_9HYPO
A0A9P7Q0V9	A0A9P7Q0V9_9HYPO
A0A9P7QHC8	A0A9P7QHC8_9HYPO
A0A9P7REN2	A0A9P7REN2_9PEZI
A0A9P7Z357	A0A9P7Z357_9HELO
A0A9P7ZDJ3	A0A9P7ZDJ3_9HYPO
A0A9P8A4Z5	A0A9P8A4Z5_MORAP
A0A9P8C1H8	A0A9P8C1H8_9HELO
A0A9P8E721	A0A9P8E721_9PEZI
A0A9P8ECU3	A0A9P8ECU3_9PEZI
A0A9P8ELS4	A0A9P8ELS4_9PEZI
A0A9P8EP42	A0A9P8EP42_9PEZI
A0A9P8ETY7	A0A9P8ETY7_9PEZI
A0A9P8F7L0	A0A9P8F7L0_9PEZI
A0A9P8FHI6	A0A9P8FHI6_9PEZI
A0A9P8FKB1	A0A9P8FKB1_9PEZI
A0A9P8FVR6	A0A9P8FVR6_9PEZI
A0A9P8FYL5	A0A9P8FYL5_9PEZI
A0A9P8GK98	A0A9P8GK98_9PEZI
A0A9P8GVK0	A0A9P8GVK0_9PEZI
A0A9P8H6M5	A0A9P8H6M5_9PEZI
A0A9P8H7N0	A0A9P8H7N0_9PEZI
A0A9P8J4C3	A0A9P8J4C3_9PEZI
A0A9P8JLU3	A0A9P8JLU3_9PEZI
A0A9P8K5Z7	A0A9P8K5Z7_9PEZI
A0A9P8M358	A0A9P8M358_9HYPO
A0A9P8RF92	A0A9P8RF92_9PEZI
A0A9P8UIV0	A0A9P8UIV0_9PEZI
A0A9P8VNC4	A0A9P8VNC4_9PEZI
A0A9P8Y0B0	A0A9P8Y0B0_9PEZI
A0A9P8YIC2	A0A9P8YIC2_9PEZI
A0A9P9EA99	A0A9P9EA99_9HYPO
A0A9P9EZV7	A0A9P9EZV7_9HYPO
A0A9P9HZ27	A0A9P9HZ27_FUSSL
A0A9P9IAI4	A0A9P9IAI4_9PLEO
A0A9P9IXH1	A0A9P9IXH1_9HYPO
A0A9P9J9I4	A0A9P9J9I4_9HYPO
A0A9P9P7A5	A0A9P9P7A5_9PLEO
A0A9P9R1V0	A0A9P9R1V0_9PEZI
A0A9P9S8D8	A0A9P9S8D8_9HELO
A0A9P9SS95	A0A9P9SS95_9PLEO
A0A9P9WQN3	A0A9P9WQN3_9PEZI
A0A9P9X9F2	A0A9P9X9F2_9PEZI
A0A9P9Y7B7	A0A9P9Y7B7_9HYPO
A0A9Q0CPN3	A0A9Q0CPN3_9POAL
A0A9Q0JSI5	A0A9Q0JSI5_9ROSI
A0A9Q0K6S1	A0A9Q0K6S1_9MAGN
A0A9Q0L630	A0A9Q0L630_9EUKA
A0A9Q0NRG3	A0A9Q0NRG3_SALVM
A0A9Q0P2Y6	A0A9Q0P2Y6_SALPP
A0A9Q0Z777	A0A9Q0Z777_9ROSI
A0A9Q1JF60	A0A9Q1JF60_9CARY
A0A9Q1RN50	A0A9Q1RN50_9SOLA
A0A9Q8SX82	A0A9Q8SX82_9PEZI
A0A9Q8VD63	A0A9Q8VD63_9HYPO
A0A9Q8Z0G8	A0A9Q8Z0G8_CURCL
A0A9Q8ZBK0	A0A9Q8ZBK0_CURCL
A0A9Q9EQR6	A0A9Q9EQR6_9PEZI
A0A9R0IF86	A0A9R0IF86_SPIOL
A0A9R0WM92	A0A9R0WM92_TRITD
A0A9R0X6E4	A0A9R0X6E4_TRITD
A0A9R1WTE7	A0A9R1WTE7_LACSA
A0A9W3BWD8	A0A9W3BWD8_RAPSA
A0A9W3BZ99	A0A9W3BZ99_RAPSA
A0A9W3CB23	A0A9W3CB23_RAPSA
A0A9W3CB68	A0A9W3CB68_RAPSA
A0A9W3CE66	A0A9W3CE66_RAPSA
A0A9W3CWE5	A0A9W3CWE5_RAPSA
A0A9W3CZC5	A0A9W3CZC5_RAPSA
A0A9W3D1E9	A0A9W3D1E9_RAPSA
A0A9W4P232	A0A9W4P232_9EURO
A0A9W4RHH6	A0A9W4RHH6_9PEZI
A0A9W4SN87	A0A9W4SN87_9GLOM
A0A9W4UKF5	A0A9W4UKF5_9PLEO
A0A9W4UPS5	A0A9W4UPS5_9PLEO
A0A9W4WU18	A0A9W4WU18_9GLOM
A0A9W5T9W8	A0A9W5T9W8_BABOV
A0A9W6DRE9	A0A9W6DRE9_9EURO
A0A9W6EH06	A0A9W6EH06_ASPTU
A0A9W6F8H7	A0A9W6F8H7_9CHLO
A0A9W7HAF3	A0A9W7HAF3_HIBTR
A0A9W8K1V7	A0A9W8K1V7_9AGAR
A0A9W8V331	A0A9W8V331_9HYPO
A0A9W8WT21	A0A9W8WT21_9PLEO
A0A9W8X6T5	A0A9W8X6T5_9PLEO
A0A9W8YGJ7	A0A9W8YGJ7_9PLEO
A0A9W8Z077	A0A9W8Z077_9PEZI
A0A9W8Z8N7	A0A9W8Z8N7_9PLEO
A0A9W8ZFZ8	A0A9W8ZFZ8_9PLEO
A0A9W9BHX3	A0A9W9BHX3_9HYPO
A0A9W9BZW2	A0A9W9BZW2_9PLEO
A0A9W9G4T1	A0A9W9G4T1_9EURO
A0A9W9X665	A0A9W9X665_9EURO
A0A9X0AR05	A0A9X0AR05_9HELO
A0A9X9P462	A0A9X9P462_9CAUD
A2R9V3	A2R9V3_ASPNC
A3F4K1	A3F4K1_BRAJU
A5BU57	A5BU57_VITVI
A7AXA3	A7AXA3_BABBO
A7EID9	A7EID9_SCLS1
A7UWF1	A7UWF1_NEUCR
A8JG03	A8JG03_CHLRE
A9NTC3	A9NTC3_PICSI
A9TGB9	A9TGB9_PHYPA
A9TGU1	A9TGU1_PHYPA
B2B4L3	B2B4L3_PODAN
B6VCT5	B6VCT5_BRARP
B8BD95	B8BD95_ORYSI
B8LNW1	B8LNW1_PICSI
B8NVM0	B8NVM0_ASPFN
B9F279	B9F279_ORYSJ
B9IAU2	B9IAU2_POPTR
B9RAJ2	B9RAJ2_RICCO
B9REG8	B9REG8_RICCO
B9T7Z4	B9T7Z4_RICCO
C0PQW4	C0PQW4_PICSI
C1JFI2	C1JFI2_9BRAS
C1MV67	C1MV67_MICPC
C6TLE7	C6TLE7_SOYBN
C7YS07	C7YS07_FUSV7
D2VFK9	D2VFK9_NAEGR
D3AZ97	D3AZ97_HETP5
D3TI85	D3TI85_TRIHA
D6PSA0	D6PSA0_9BRAS
D6PSA1	D6PSA1_9BRAS
D6PSA3	D6PSA3_9BRAS
D6PSA4	D6PSA4_9BRAS
D7KAK8	D7KAK8_ARALL
D7KEE9	D7KEE9_ARALL
D7KGF4	D7KGF4_ARALL
D7KGF6	D7KGF6_ARALL
D7KJ72	D7KJ72_ARALL
D7KLD9	D7KLD9_ARALL
D7KT53	D7KT53_ARALL
D7KTX1	D7KTX1_ARALL
D7KTX9	D7KTX9_ARALL
D7L1U5	D7L1U5_ARALL
D7L2D9	D7L2D9_ARALL
D7L645	D7L645_ARALL
D7L8B8	D7L8B8_ARALL
D7LC68	D7LC68_ARALL
D7LJX7	D7LJX7_ARALL
D7LJX8	D7LJX8_ARALL
D7LKT9	D7LKT9_ARALL
D7LLP9	D7LLP9_ARALL
D7LM59	D7LM59_ARALL
D7LQ45	D7LQ45_ARALL
D7LW92	D7LW92_ARALL
D7M7A4	D7M7A4_ARALL
D7MAM6	D7MAM6_ARALL
D7MAM8	D7MAM8_ARALL
D7MAN0	D7MAN0_ARALL
D7ML34	D7ML34_ARALL
D7MRL2	D7MRL2_ARALL
D7MUF2	D7MUF2_ARALL
D7MV68	D7MV68_ARALL
D8QWI0	D8QWI0_SELML
D8RUB4	D8RUB4_SELML
D8U7K2	D8U7K2_VOLCA
E1Z4U7	E1Z4U7_CHLVA
E3QE51	E3QE51_COLGM
E3RG85	E3RG85_PYRTT
E3SA34	E3SA34_PYRTT
E4MXD2	E4MXD2_EUTHA
E5A2P9	E5A2P9_LEPMJ
F0XCX2	F0XCX2_GROCL
F2DK00	F2DK00_HORVV
F2EFB3	F2EFB3_HORVV
F6GVC2	F6GVC2_VITVI
F6HB81	F6HB81_VITVI
F6HHQ2	F6HHQ2_VITVI
F8MF58	F8MF58_NEUT8
G2Q7A7	G2Q7A7_THET4
G2QQL4	G2QQL4_THETT
G2XER2	G2XER2_VERDV
G2XVC6	G2XVC6_BOTF4
G3LRW6	G3LRW6_9BRAS
G3LRW8	G3LRW8_9BRAS
G3YDA2	G3YDA2_ASPNA
G4UEQ9	G4UEQ9_NEUT9
G7I2P7	G7I2P7_MEDTR
G7IH11	G7IH11_MEDTR
G7KX08	G7KX08_MEDTR
G7KX12	G7KX12_MEDTR
G7KXZ0	G7KXZ0_MEDTR
G7XYV6	G7XYV6_ASPKW
G8R8M4	G8R8M4_OWEHD
G9MJ71	G9MJ71_HYPVG
G9PBA4	G9PBA4_HYPAI
H6BZ66	H6BZ66_EXODN
H9WX14	H9WX14_PINTA
I0YS52	I0YS52_COCSC
I1ETV5	I1ETV5_AMPQE
I1QMA2	I1QMA2_ORYGL
I1S0K3	I1S0K3_GIBZE
I3SU61	I3SU61_LOTJA
I8ICQ2	I8ICQ2_ASPO3
J3MVS8	J3MVS8_ORYBR
J5R3U7	J5R3U7_TRIAS
J7FLJ0	J7FLJ0_CARHR
J7FLJ4	J7FLJ4_9BRAS
J7FMU8	J7FMU8_9BRAS
J7FMV0	J7FMV0_ISATI
J7FPI6	J7FPI6_ALLPE
J7FPI9	J7FPI9_ISATI
J7FRY5	J7FRY5_9BRAS
J7FRZ0	J7FRZ0_CARHR
J7FU88	J7FU88_9BRAS
J7FU93	J7FU93_9BRAS
K1S4K7	K1S4K7_CRAGI
K1VY97	K1VY97_TRIAC
K1WTC4	K1WTC4_MARBU
K2RZ68	K2RZ68_MACPH
K3UUD6	K3UUD6_FUSPC
K8YZG5	K8YZG5_NANGC
L1IZQ8	L1IZQ8_GUITC
L2FNK4	L2FNK4_COLFN
L8H5A7	L8H5A7_ACACF
M0ZN58	M0ZN58_SOLTU
M1VLS0	M1VLS0_CYAM1
M1W8T3	M1W8T3_CLAP2
M2SVM6	M2SVM6_COCSN
M2TRF8	M2TRF8_COCH5
M3AKW7	M3AKW7_PSEFD
M3AT30	M3AT30_SPHMS
M4DR00	M4DR00_BRACM
M4F8U4	M4F8U4_BRACM
M4FA44	M4FA44_BRACM
M4FF30	M4FF30_BRACM
M5GFM4	M5GFM4_DACPD
M5WSR8	M5WSR8_PRUPE
M5WUY8	M5WUY8_PRUPE
M5XFD1	M5XFD1_PRUPE
M7SU03	M7SU03_EUTLA
M7TE47	M7TE47_EUTLA
M7TYR8	M7TYR8_BOTF1
M7ZSR2	M7ZSR2_TRIUA
M8A0W4	M8A0W4_TRIUA
M8BJQ8	M8BJQ8_AEGTA
N4XF30	N4XF30_COCH4
Q0J381	Q0J381_ORYSJ
Q0U9I0	Q0U9I0_PHANO
Q0UIR8	Q0UIR8_PHANO
Q1JRZ1	Q1JRZ1_ARALL
Q2HGG9	Q2HGG9_CHAGB
Q2TXI1	Q2TXI1_ASPOR
Q4TU02	Q4TU02_BRAOT
Q6K482	Q6K482_ORYSJ
Q6Z702	Q6Z702_ORYSJ
Q6ZXK6	Q6ZXK6_ORYSJ
Q705L3	Q705L3_ARAHA
Q705L9	Q705L9_ARAHA
Q705M0	Q705M0_ARAHA
Q7XAW2	Q7XAW2_BRARP
Q8VWY8	Q8VWY8_HORVU
Q8X0Y0	Q8X0Y0_NEUCS
R0GAS5	R0GAS5_9BRAS
R0IEG3	R0IEG3_EXST2
R0J3D0	R0J3D0_EXST2
R0JZE2	R0JZE2_EXST2
R1EMP1	R1EMP1_EMIHU
R4HEW0	R4HEW0_BRANA
R7QD35	R7QD35_CHOCR
R8BJ67	R8BJ67_PHAM7
S0E151	S0E151_GIBF5
S3D4K6	S3D4K6_OPHP1
S3D698	S3D698_GLAL2
S8B2X1	S8B2X1_PENO1
S8CYI6	S8CYI6_9LAMI
T0KU75	T0KU75_COLGC
U7Q7D3	U7Q7D3_SPOS1
V4K4Q6	V4K4Q6_EUTSA
V4K8S0	V4K8S0_EUTSA
V4KB56	V4KB56_EUTSA
V4KC10	V4KC10_EUTSA
V4KCG9	V4KCG9_EUTSA
V4KJI5	V4KJI5_EUTSA
V4KMI1	V4KMI1_EUTSA
V4KPF2	V4KPF2_EUTSA
V4KRJ0	V4KRJ0_EUTSA
V4KST6	V4KST6_EUTSA
V4L356	V4L356_EUTSA
V4LGY7	V4LGY7_EUTSA
V4M074	V4M074_EUTSA
V4M6C2	V4M6C2_EUTSA
V4M974	V4M974_EUTSA
V4MDR1	V4MDR1_EUTSA
V4N7A5	V4N7A5_EUTSA
V4NP33	V4NP33_EUTSA
V4T8A6	V4T8A6_CITCL
V4U529	V4U529_CITCL
V4VYX8	V4VYX8_CITCL
V5FWV3	V5FWV3_BYSSN
V7BXJ7	V7BXJ7_PHAVU
V9XU70	V9XU70_9BRAS
V9XX14	V9XX14_9BRAS
V9XXR3	V9XXR3_9BRAS
V9XZN8	V9XZN8_9BRAS
W1PCR1	W1PCR1_AMBTC
W6YCQ6	W6YCQ6_COCC2
W6Z0H0	W6Z0H0_COCC2
W6ZAW7	W6ZAW7_COCMI
W7E773	W7E773_BIPV3
W7EV34	W7EV34_BIPV3
W7HMI7	W7HMI7_9PEZI
W9CBK8	W9CBK8_SCLBF
W9CV50	W9CV50_SCLBF
